datetime,IP1,FC1,Volt FC1 ,Vtip,Itip,BV1
2018-05-30 10:39:50.207592,1023.0,0.0,0.0,0.0,0.0,0.0
2018-05-30 10:39:50.348479,1023.0,0.0,0.0,0.0,0.0,0.0
2018-05-30 10:39:50.554314,1023.0,0.0,0.0,0.0,0.0,0.0
2018-05-30 10:39:50.757152,1023.0,0.0,0.0,0.0,0.0,0.0
2018-05-30 10:39:50.958990,1023.0,0.0,0.0,0.0,0.0,0.0
2018-05-30 10:39:51.159830,1023.0,0.0,0.0,0.0,0.0,0.0
2018-05-30 10:39:51.360669,1023.0,0.0,0.0,0.0,0.0,0.0
2018-05-30 10:39:51.569502,1023.0,0.0,0.0,0.0,0.0,0.0
2018-05-30 10:39:51.770341,1023.0,0.0,0.0,0.0,0.0,0.0
2018-05-30 10:39:51.972179,1023.0,0.0,0.0,0.0,0.0,0.0
2018-05-30 10:39:52.173018,1023.0,0.0,0.0,0.0,0.0,0.0
2018-05-30 10:39:52.373858,1023.0,0.0,0.0,0.0,0.0,0.0
2018-05-30 10:39:52.575696,1023.0,0.0,0.0,0.0,0.0,0.0
2018-05-30 10:39:52.776535,1023.0,0.0,0.0,0.0,0.0,0.0
2018-05-30 10:39:52.977374,1023.0,0.0,0.0,0.0,0.0,0.0
2018-05-30 10:39:53.180212,1023.0,0.0,0.0,0.0,0.0,0.0
2018-05-30 10:39:53.382050,1023.0,0.0,0.0,0.0,0.0,0.0
2018-05-30 10:39:53.583889,1023.0,0.0,0.0,0.0,0.0,0.0
2018-05-30 10:39:53.784728,1023.0,0.0,0.0,0.0,0.0,0.0
2018-05-30 10:39:53.986566,1023.0,0.0,0.0,0.0,0.0,0.0
2018-05-30 10:39:54.187406,1023.0,0.0,0.0,0.0,0.0,0.0
2018-05-30 10:39:54.388245,1023.0,0.0,0.0,0.0,0.0,0.0
2018-05-30 10:39:54.591082,1023.0,0.0,0.0,0.0,0.0,0.0
2018-05-30 10:39:54.792921,1023.0,0.0,0.0,0.0,0.0,0.0
2018-05-30 10:39:54.993760,1023.0,0.0,0.0,0.0,0.0,0.0
2018-05-30 10:39:55.195598,1023.0,0.0,0.0,0.0,0.0,0.0
2018-05-30 10:39:55.396438,1023.0,0.0,0.0,0.0,0.0,0.0
2018-05-30 10:39:55.599275,1023.0,0.0,0.0,0.0,0.0,0.0
2018-05-30 10:39:55.800114,1023.0,0.0,0.0,0.0,0.0,0.0
2018-05-30 10:39:56.000954,1023.0,0.0,0.0,0.0,0.0,0.0
2018-05-30 10:39:56.202792,1023.0,0.0,0.0,0.0,0.0,0.0
2018-05-30 10:39:56.403631,1023.0,0.0,0.0,0.0,0.0,0.0
2018-05-30 10:39:56.605470,1023.0,0.0,0.0,0.0,0.0,0.0
2018-05-30 10:39:56.806309,1023.0,0.0,0.0,0.0,0.0,0.0
2018-05-30 10:39:57.008147,1023.0,0.0,0.0,0.0,0.0,0.0
2018-05-30 10:39:57.209986,1023.0,0.0,0.0,0.0,0.0,0.0
2018-05-30 10:39:57.410825,1023.0,0.0,0.0,0.0,0.0,0.0
2018-05-30 10:39:57.612663,1023.0,0.0,0.0,0.0,0.0,0.0
2018-05-30 10:39:57.813502,1023.0,0.0,0.0,0.0,0.0,0.0
2018-05-30 10:39:58.014342,1023.0,0.0,0.0,0.0,0.0,0.0
2018-05-30 10:39:58.216180,1023.0,0.0,0.0,0.0,0.0,0.0
2018-05-30 10:39:58.417019,1023.0,0.0,0.0,0.0,0.0,0.0
2018-05-30 10:39:58.619857,1023.0,0.0,0.0,0.0,0.0,0.0
2018-05-30 10:39:58.820696,1023.0,0.0,0.0,0.0,0.0,0.0
2018-05-30 10:39:59.021535,1023.0,0.0,0.0,0.0,0.0,0.0
2018-05-30 10:39:59.223374,1023.0,0.0,0.0,0.0,0.0,0.0
2018-05-30 10:39:59.424213,1023.0,0.0,0.0,0.0,0.0,0.0
2018-05-30 10:39:59.627050,1023.0,0.0,0.0,0.0,0.0,0.0
2018-05-30 10:39:59.826890,1023.0,0.0,0.0,0.0,0.0,0.0
2018-05-30 10:40:00.139640,1023.0,0.0,0.0,0.0,0.0,0.0
2018-05-30 10:40:00.276530,1023.0,0.0,0.0,0.0,0.0,0.0
2018-05-30 10:40:00.477370,1023.0,0.0,0.0,0.0,0.0,0.0
2018-05-30 10:40:00.679208,1023.0,0.0,0.0,0.0,0.0,0.0
2018-05-30 10:40:00.880047,1023.0,0.0,0.0,0.0,0.0,0.0
2018-05-30 10:40:01.080886,1023.0,0.0,0.0,0.0,0.0,0.0
2018-05-30 10:40:01.282725,1023.0,0.0,0.0,0.0,0.0,0.0
2018-05-30 10:40:01.483564,1023.0,0.0,0.0,0.0,0.0,0.0
2018-05-30 10:40:01.694395,1023.0,0.0,0.0,0.0,0.0,0.0
2018-05-30 10:40:01.895234,1023.0,0.0,0.0,0.0,0.0,0.0
2018-05-30 10:40:02.096074,1023.0,0.0,0.0,0.0,0.0,0.0
2018-05-30 10:40:02.298911,1023.0,0.0,0.0,0.0,0.0,0.0
2018-05-30 10:40:02.499750,1023.0,0.0,0.0,0.0,0.0,0.0
2018-05-30 10:40:02.701589,1023.0,0.0,0.0,0.0,0.0,0.0
2018-05-30 10:40:02.907424,1023.0,0.0,0.0,0.0,0.0,0.0
2018-05-30 10:40:03.108263,1023.0,0.0,0.0,0.0,0.0,0.0
2018-05-30 10:40:03.310102,1023.0,0.0,0.0,0.0,0.0,0.0
2018-05-30 10:40:03.510941,1023.0,0.0,0.0,0.0,0.0,0.0
2018-05-30 10:40:03.712779,1023.0,0.0,0.0,0.0,0.0,0.0
2018-05-30 10:40:03.913618,1023.0,0.0,0.0,0.0,0.0,0.0
2018-05-30 10:40:04.116456,1023.0,0.0,0.0,0.0,0.0,0.0
2018-05-30 10:40:04.319294,1023.0,0.0,0.0,0.0,0.0,0.0
2018-05-30 10:40:04.520133,1023.0,0.0,0.0,0.0,0.0,0.0
2018-05-30 10:40:04.721971,1023.0,0.0,0.0,0.0,0.0,0.0
2018-05-30 10:40:04.922810,1023.0,0.0,0.0,0.0,0.0,0.0
2018-05-30 10:40:05.124649,1023.0,0.0,0.0,0.0,0.0,0.0
2018-05-30 10:40:05.326487,1023.0,0.0,0.0,0.0,0.0,0.0
2018-05-30 10:40:05.527326,1023.0,0.0,0.0,0.0,0.0,0.0
2018-05-30 10:40:05.729165,1023.0,0.0,0.0,0.0,0.0,0.0
2018-05-30 10:40:05.930004,1023.0,0.0,0.0,0.0,0.0,0.0
2018-05-30 10:40:06.130843,1023.0,0.0,0.0,0.0,0.0,0.0
2018-05-30 10:40:06.332682,1023.0,0.0,0.0,0.0,0.0,0.0
2018-05-30 10:40:06.533521,1023.0,0.0,0.0,0.0,0.0,0.0
2018-05-30 10:40:06.736358,1023.0,0.0,0.0,0.0,0.0,0.0
2018-05-30 10:40:06.937198,1023.0,0.0,0.0,0.0,0.0,0.0
2018-05-30 10:40:07.140035,1023.0,0.0,0.0,0.0,0.0,0.0
2018-05-30 10:40:07.341874,1023.0,0.0,0.0,0.0,0.0,0.0
2018-05-30 10:40:07.542713,1023.0,0.0,0.0,0.0,0.0,0.0
2018-05-30 10:40:07.744551,1023.0,0.0,0.0,0.0,0.0,0.0
2018-05-30 10:40:07.946390,1023.0,0.0,0.0,0.0,0.0,0.0
2018-05-30 10:40:08.147229,1023.0,0.0,0.0,0.0,0.0,0.0
2018-05-30 10:40:08.349067,1023.0,0.0,0.0,0.0,0.0,0.0
2018-05-30 10:40:08.549906,1023.0,0.0,0.0,0.0,0.0,0.0
2018-05-30 10:40:08.751745,1023.0,0.0,0.0,0.0,0.0,0.0
2018-05-30 10:40:08.952584,1023.0,0.0,0.0,0.0,0.0,0.0
2018-05-30 10:40:09.153423,1023.0,0.0,0.0,0.0,0.0,0.0
2018-05-30 10:40:09.356261,1023.0,0.0,0.0,0.0,0.0,0.0
2018-05-30 10:40:09.557100,1023.0,0.0,0.0,0.0,0.0,0.0
2018-05-30 10:40:09.759938,1023.0,0.0,0.0,0.0,0.0,0.0
2018-05-30 10:40:09.960777,1023.0,0.0,0.0,0.0,0.0,0.0
2018-05-30 10:40:10.161616,1023.0,0.0,0.0,0.0,0.0,0.0
2018-05-30 10:40:10.363454,1023.0,0.0,0.0,0.0,0.0,0.0
2018-05-30 10:40:10.565293,1023.0,0.0,0.0,0.0,0.0,0.0
2018-05-30 10:40:10.767131,1023.0,0.0,0.0,0.0,0.0,0.0
2018-05-30 10:40:10.967970,1023.0,0.0,0.0,0.0,0.0,0.0
2018-05-30 10:40:11.168810,1023.0,0.0,0.0,0.0,0.0,0.0
2018-05-30 10:40:11.370648,1023.0,0.0,0.0,0.0,0.0,0.0
2018-05-30 10:40:11.585476,1023.0,0.0,0.0,0.0,0.0,0.0
2018-05-30 10:40:11.788314,1023.0,0.0,0.0,0.0,0.0,0.0
2018-05-30 10:40:11.988154,1023.0,0.0,0.0,0.0,0.0,0.0
2018-05-30 10:40:12.188993,1023.0,0.0,0.0,0.0,0.0,0.0
2018-05-30 10:40:12.390831,1023.0,0.0,0.0,0.0,0.0,0.0
2018-05-30 10:40:12.591670,1023.0,0.0,0.0,0.0,0.0,0.0
2018-05-30 10:40:12.794508,1023.0,0.0,0.0,0.0,0.0,0.0
2018-05-30 10:40:12.995347,1023.0,0.0,0.0,0.0,0.0,0.0
2018-05-30 10:40:13.196186,1023.0,0.0,0.0,0.0,0.0,0.0
2018-05-30 10:40:13.399024,1023.0,0.0,0.0,0.0,0.0,0.0
2018-05-30 10:40:13.599863,1023.0,0.0,0.0,0.0,0.0,0.0
2018-05-30 10:40:13.803700,1023.0,0.0,0.0,0.0,0.0,0.0
2018-05-30 10:40:14.004539,1023.0,0.0,0.0,0.0,0.0,0.0
2018-05-30 10:40:14.206378,1023.0,0.0,0.0,0.0,0.0,0.0
2018-05-30 10:40:14.409215,1023.0,0.0,0.0,0.0,0.0,0.0
2018-05-30 10:40:14.610054,1023.0,0.0,0.0,0.0,0.0,0.0
2018-05-30 10:40:14.811893,1023.0,0.0,0.0,0.0,0.0,0.0
2018-05-30 10:40:15.013731,1023.0,0.0,0.0,0.0,0.0,0.0
2018-05-30 10:40:15.214570,1023.0,0.0,0.0,0.0,0.0,0.0
2018-05-30 10:40:15.416409,1023.0,0.0,0.0,0.0,0.0,0.0
2018-05-30 10:40:15.617248,1023.0,0.0,0.0,0.0,0.0,0.0
2018-05-30 10:40:15.820086,1023.0,0.0,0.0,0.0,0.0,0.0
2018-05-30 10:40:16.021924,1023.0,0.0,0.0,0.0,0.0,0.0
2018-05-30 10:40:16.222763,1023.0,0.0,0.0,0.0,0.0,0.0
2018-05-30 10:40:16.425601,1023.0,0.0,0.0,0.0,0.0,0.0
2018-05-30 10:40:16.626440,1023.0,0.0,0.0,0.0,0.0,0.0
2018-05-30 10:40:16.829278,1023.0,0.0,0.0,0.0,0.0,0.0
2018-05-30 10:40:17.030117,1023.0,0.0,0.0,0.0,0.0,0.0
2018-05-30 10:40:17.231955,1023.0,0.0,0.0,0.0,0.0,0.0
2018-05-30 10:40:17.433794,1023.0,0.0,0.0,0.0,0.0,0.0
2018-05-30 10:40:17.634633,1023.0,0.0,0.0,0.0,0.0,0.0
2018-05-30 10:40:17.836471,1023.0,0.0,0.0,0.0,0.0,0.0
2018-05-30 10:40:18.037310,1023.0,0.0,0.0,0.0,0.0,0.0
2018-05-30 10:40:18.238150,1023.0,0.0,0.0,0.0,0.0,0.0
2018-05-30 10:40:18.439988,1023.0,0.0,0.0,0.0,0.0,0.0
2018-05-30 10:40:18.642826,1023.0,0.0,0.0,0.0,0.0,0.0
2018-05-30 10:40:18.843665,1023.0,0.0,0.0,0.0,0.0,0.0
2018-05-30 10:40:19.044504,1023.0,0.0,0.0,0.0,0.0,0.0
2018-05-30 10:40:19.245343,1023.0,0.0,0.0,0.0,0.0,0.0
2018-05-30 10:40:19.447182,1023.0,0.0,0.0,0.0,0.0,0.0
2018-05-30 10:40:19.648021,1023.0,0.0,0.0,0.0,0.0,0.0
2018-05-30 10:40:19.851858,1023.0,0.0,0.0,0.0,0.0,0.0
2018-05-30 10:40:20.052697,1023.0,0.0,0.0,0.0,0.0,0.0
2018-05-30 10:40:20.253536,1023.0,0.0,0.0,0.0,0.0,0.0
2018-05-30 10:40:20.455374,1023.0,0.0,0.0,0.0,0.0,0.0
2018-05-30 10:40:20.656214,1023.0,0.0,0.0,0.0,0.0,0.0
2018-05-30 10:40:20.859051,1023.0,0.0,0.0,0.0,0.0,0.0
2018-05-30 10:40:21.061889,1023.0,0.0,0.0,0.0,0.0,0.0
2018-05-30 10:40:21.262728,1023.0,0.0,0.0,0.0,0.0,0.0
2018-05-30 10:40:21.464566,1023.0,0.0,0.0,0.0,0.0,0.0
2018-05-30 10:40:21.673399,1023.0,0.0,0.0,0.0,0.0,0.0
2018-05-30 10:40:21.875238,1023.0,0.0,0.0,0.0,0.0,0.0
2018-05-30 10:40:22.076077,1023.0,0.0,0.0,0.0,0.0,0.0
2018-05-30 10:40:22.276916,1023.0,0.0,0.0,0.0,0.0,0.0
2018-05-30 10:40:22.479754,1023.0,0.0,0.0,0.0,0.0,0.0
2018-05-30 10:40:22.681592,1023.0,0.0,0.0,0.0,0.0,0.0
2018-05-30 10:40:22.884430,1023.0,0.0,0.0,0.0,0.0,0.0
2018-05-30 10:40:23.085269,1023.0,0.0,0.0,0.0,0.0,0.0
2018-05-30 10:40:23.286108,1023.0,0.0,0.0,0.0,0.0,0.0
2018-05-30 10:40:23.489945,1023.0,0.0,0.0,0.0,0.0,0.0
2018-05-30 10:40:23.689785,1023.0,0.0,0.0,0.0,0.0,0.0
2018-05-30 10:40:23.890624,1023.0,0.0,0.0,0.0,0.0,0.0
2018-05-30 10:40:24.102454,1023.0,0.0,0.0,0.0,0.0,0.0
2018-05-30 10:40:24.303294,1023.0,0.0,0.0,0.0,0.0,0.0
2018-05-30 10:40:24.505132,1023.0,0.0,0.0,0.0,0.0,0.0
2018-05-30 10:40:24.705971,1023.0,0.0,0.0,0.0,0.0,0.0
2018-05-30 10:40:24.906810,1023.0,0.0,0.0,0.0,0.0,0.0
2018-05-30 10:40:25.108649,1023.0,0.0,0.0,0.0,0.0,0.0
2018-05-30 10:40:25.309488,1023.0,0.0,0.0,0.0,0.0,0.0
2018-05-30 10:40:25.512326,1023.0,0.0,0.0,0.0,0.0,0.0
2018-05-30 10:40:25.713165,1023.0,0.0,0.0,0.0,0.0,0.0
2018-05-30 10:40:25.914004,1023.0,0.0,0.0,0.0,0.0,0.0
2018-05-30 10:40:26.115842,1023.0,0.0,0.0,0.0,0.0,0.0
2018-05-30 10:40:26.316682,1023.0,0.0,0.0,0.0,0.0,0.0
2018-05-30 10:40:26.519519,1023.0,0.0,0.0,0.0,0.0,0.0
2018-05-30 10:40:26.720358,1023.0,0.0,0.0,0.0,0.0,0.0
2018-05-30 10:40:26.922197,1023.0,0.0,0.0,0.0,0.0,0.0
2018-05-30 10:40:27.124035,1023.0,0.0,0.0,0.0,0.0,0.0
2018-05-30 10:40:27.325874,1023.0,0.0,0.0,0.0,0.0,0.0
2018-05-30 10:40:27.528711,1023.0,0.0,0.0,0.0,0.0,0.0
2018-05-30 10:40:27.728551,1023.0,0.0,0.0,0.0,0.0,0.0
2018-05-30 10:40:27.929390,1023.0,0.0,0.0,0.0,0.0,0.0
2018-05-30 10:40:28.132228,1023.0,0.0,0.0,0.0,0.0,0.0
2018-05-30 10:40:28.334066,1023.0,0.0,0.0,0.0,0.0,0.0
2018-05-30 10:40:28.535905,1023.0,0.0,0.0,0.0,0.0,0.0
2018-05-30 10:40:28.736744,1023.0,0.0,0.0,0.0,0.0,0.0
2018-05-30 10:40:28.937583,1023.0,0.0,0.0,0.0,0.0,0.0
2018-05-30 10:40:29.139422,1023.0,0.0,0.0,0.0,0.0,0.0
2018-05-30 10:40:29.340261,1023.0,0.0,0.0,0.0,0.0,0.0
2018-05-30 10:40:29.544098,1023.0,0.0,0.0,0.0,0.0,0.0
2018-05-30 10:40:29.744937,1023.0,0.0,0.0,0.0,0.0,0.0
2018-05-30 10:40:29.945776,1023.0,0.0,0.0,0.0,0.0,0.0
2018-05-30 10:40:30.147614,1023.0,0.0,0.0,0.0,0.0,0.0
2018-05-30 10:40:30.348454,1023.0,0.0,0.0,0.0,0.0,0.0
2018-05-30 10:40:30.551291,1023.0,0.0,0.0,0.0,0.0,0.0
2018-05-30 10:40:30.752130,1023.0,0.0,0.0,0.0,0.0,0.0
2018-05-30 10:40:30.952970,1023.0,0.0,0.0,0.0,0.0,0.0
2018-05-30 10:40:31.155807,1023.0,0.0,0.0,0.0,0.0,0.0
2018-05-30 10:40:31.356646,1023.0,0.0,0.0,0.0,0.0,0.0
2018-05-30 10:40:31.571474,1023.0,0.0,0.0,0.0,0.0,0.0
2018-05-30 10:40:31.771314,1023.0,0.0,0.0,0.0,0.0,0.0
2018-05-30 10:40:31.972154,1023.0,0.0,0.0,0.0,0.0,0.0
2018-05-30 10:40:32.174991,1023.0,0.0,0.0,0.0,0.0,0.0
2018-05-30 10:40:32.375830,1023.0,0.0,0.0,0.0,0.0,0.0
2018-05-30 10:40:32.584663,1023.0,0.0,0.0,0.0,0.0,0.0
2018-05-30 10:40:32.785502,1023.0,0.0,0.0,0.0,0.0,0.0
2018-05-30 10:40:32.986342,1023.0,0.0,0.0,0.0,0.0,0.0
2018-05-30 10:40:33.190178,1023.0,0.0,0.0,0.0,0.0,0.0
2018-05-30 10:40:33.391018,1023.0,0.0,0.0,0.0,0.0,0.0
2018-05-30 10:40:33.592856,1023.0,0.0,0.0,0.0,0.0,0.0
2018-05-30 10:40:33.795694,1023.0,0.0,0.0,0.0,0.0,0.0
2018-05-30 10:40:33.996533,1023.0,0.0,0.0,0.0,0.0,0.0
2018-05-30 10:40:34.199370,1023.0,0.0,0.0,0.0,0.0,0.0
2018-05-30 10:40:34.401209,1023.0,0.0,0.0,0.0,0.0,0.0
2018-05-30 10:40:34.603047,1023.0,0.0,0.0,0.0,0.0,0.0
2018-05-30 10:40:34.803886,1023.0,0.0,0.0,0.0,0.0,0.0
2018-05-30 10:40:35.004726,1023.0,0.0,0.0,0.0,0.0,0.0
2018-05-30 10:40:35.207563,1023.0,0.0,0.0,0.0,0.0,0.0
2018-05-30 10:40:35.409402,1023.0,0.0,0.0,0.0,0.0,0.0
2018-05-30 10:40:35.611240,1023.0,0.0,0.0,0.0,0.0,0.0
2018-05-30 10:40:35.812079,1023.0,0.0,0.0,0.0,0.0,0.0
2018-05-30 10:40:36.024909,1023.0,0.0,0.0,0.0,0.0,0.0
2018-05-30 10:40:36.226747,1023.0,0.0,0.0,0.0,0.0,0.0
2018-05-30 10:40:36.427586,1023.0,0.0,0.0,0.0,0.0,0.0
2018-05-30 10:40:36.629425,1023.0,0.0,0.0,0.0,0.0,0.0
2018-05-30 10:40:36.833262,1023.0,0.0,0.0,0.0,0.0,0.0
2018-05-30 10:40:37.034101,1023.0,0.0,0.0,0.0,0.0,0.0
2018-05-30 10:40:37.236938,1023.0,0.0,0.0,0.0,0.0,0.0
2018-05-30 10:40:37.438777,1023.0,0.0,0.0,0.0,0.0,0.0
2018-05-30 10:40:37.640615,1023.0,0.0,0.0,0.0,0.0,0.0
2018-05-30 10:40:37.842454,1023.0,0.0,0.0,0.0,0.0,0.0
2018-05-30 10:40:38.044292,1023.0,0.0,0.0,0.0,0.0,0.0
2018-05-30 10:40:38.247130,1023.0,0.0,0.0,0.0,0.0,0.0
2018-05-30 10:40:38.447969,1023.0,0.0,0.0,0.0,0.0,0.0
2018-05-30 10:40:38.649807,1023.0,0.0,0.0,0.0,0.0,0.0
2018-05-30 10:40:38.850646,1023.0,0.0,0.0,0.0,0.0,0.0
2018-05-30 10:40:39.051486,1023.0,0.0,0.0,0.0,0.0,0.0
2018-05-30 10:40:39.253324,1023.0,0.0,0.0,0.0,0.0,0.0
2018-05-30 10:40:39.454163,1023.0,0.0,0.0,0.0,0.0,0.0
2018-05-30 10:40:39.657001,1023.0,0.0,0.0,0.0,0.0,0.0
2018-05-30 10:40:39.857840,1023.0,0.0,0.0,0.0,0.0,0.0
2018-05-30 10:40:40.060678,1023.0,0.0,0.0,0.0,0.0,0.0
2018-05-30 10:40:40.262516,1023.0,0.0,0.0,0.0,0.0,0.0
2018-05-30 10:40:40.463355,1023.0,0.0,0.0,0.0,0.0,0.0
2018-05-30 10:40:40.665194,1023.0,0.0,0.0,0.0,0.0,0.0
2018-05-30 10:40:40.866033,1023.0,0.0,0.0,0.0,0.0,0.0
2018-05-30 10:40:41.068870,1023.0,0.0,0.0,0.0,0.0,0.0
2018-05-30 10:40:41.271708,1023.0,0.0,0.0,0.0,0.0,0.0
2018-05-30 10:40:41.472547,1023.0,0.0,0.0,0.0,0.0,0.0
2018-05-30 10:40:41.694370,1023.0,0.0,0.0,0.0,0.0,0.0
2018-05-30 10:40:41.895209,1023.0,0.0,0.0,0.0,0.0,0.0
2018-05-30 10:40:42.096048,1023.0,0.0,0.0,0.0,0.0,0.0
2018-05-30 10:40:42.298886,1023.0,0.0,0.0,0.0,0.0,0.0
2018-05-30 10:40:42.499725,1023.0,0.0,0.0,0.0,0.0,0.0
2018-05-30 10:40:42.701563,1023.0,0.0,0.0,0.0,0.0,0.0
2018-05-30 10:40:42.903402,1023.0,0.0,0.0,0.0,0.0,0.0
2018-05-30 10:40:43.104241,1023.0,0.0,0.0,0.0,0.0,0.0
2018-05-30 10:40:43.307078,1023.0,0.0,0.0,0.0,0.0,0.0
2018-05-30 10:40:43.507918,1023.0,0.0,0.0,0.0,0.0,0.0
2018-05-30 10:40:43.711754,1023.0,0.0,0.0,0.0,0.0,0.0
2018-05-30 10:40:43.912594,1023.0,0.0,0.0,0.0,0.0,0.0
2018-05-30 10:40:44.113433,1023.0,0.0,0.0,0.0,0.0,0.0
2018-05-30 10:40:44.315271,1023.0,0.0,0.0,0.0,0.0,0.0
2018-05-30 10:40:44.516110,1023.0,0.0,0.0,0.0,0.0,0.0
2018-05-30 10:40:44.717949,1023.0,0.0,0.0,0.0,0.0,0.0
2018-05-30 10:40:44.920786,1023.0,0.0,0.0,0.0,0.0,0.0
2018-05-30 10:40:45.121626,1023.0,0.0,0.0,0.0,0.0,0.0
2018-05-30 10:40:45.324463,1023.0,0.0,0.0,0.0,0.0,0.0
2018-05-30 10:40:45.525302,1023.0,0.0,0.0,0.0,0.0,0.0
2018-05-30 10:40:45.729139,1023.0,0.0,0.0,0.0,0.0,0.0
2018-05-30 10:40:45.931977,1023.0,0.0,0.0,0.0,0.0,0.0
2018-05-30 10:40:46.132816,1023.0,0.0,0.0,0.0,0.0,0.0
2018-05-30 10:40:46.338651,1023.0,0.0,0.0,0.0,0.0,0.0
2018-05-30 10:40:46.543487,1023.0,0.0,0.0,0.0,0.0,0.0
2018-05-30 10:40:46.748323,1023.0,0.0,0.0,0.0,0.0,0.0
2018-05-30 10:40:46.952160,1023.0,0.0,0.0,0.0,0.0,0.0
2018-05-30 10:40:47.153998,1023.0,0.0,0.0,0.0,0.0,0.0
2018-05-30 10:40:47.355837,1023.0,0.0,0.0,0.0,0.0,0.0
2018-05-30 10:40:47.556676,1023.0,0.0,0.0,0.0,0.0,0.0
2018-05-30 10:40:47.785493,1023.0,0.0,0.0,0.0,0.0,0.0
2018-05-30 10:40:47.991328,1023.0,0.0,0.0,0.0,0.0,0.0
2018-05-30 10:40:48.198162,1023.0,0.0,0.0,0.0,0.0,0.0
2018-05-30 10:40:48.401999,1023.0,0.0,0.0,0.0,0.0,0.0
2018-05-30 10:40:48.602838,1023.0,0.0,0.0,0.0,0.0,0.0
2018-05-30 10:40:48.806675,1023.0,0.0,0.0,0.0,0.0,0.0
2018-05-30 10:40:49.007514,1023.0,0.0,0.0,0.0,0.0,0.0
2018-05-30 10:40:49.209353,1023.0,0.0,0.0,0.0,0.0,0.0
2018-05-30 10:40:49.412190,1023.0,0.0,0.0,0.0,0.0,0.0
2018-05-30 10:40:49.640008,1023.0,0.0,0.0,0.0,0.0,0.0
2018-05-30 10:40:49.843845,1023.0,0.0,0.0,0.0,0.0,0.0
2018-05-30 10:40:50.044684,1023.0,0.0,0.0,0.0,0.0,0.0
2018-05-30 10:40:50.247522,1023.0,0.0,0.0,0.0,0.0,0.0
2018-05-30 10:40:50.448361,1023.0,0.0,0.0,0.0,0.0,0.0
2018-05-30 10:40:50.649200,1023.0,0.0,0.0,0.0,0.0,0.0
2018-05-30 10:40:50.852038,1023.0,0.0,0.0,0.0,0.0,0.0
2018-05-30 10:40:51.052877,1023.0,0.0,0.0,0.0,0.0,0.0
2018-05-30 10:40:51.255714,1023.0,0.0,0.0,0.0,0.0,0.0
2018-05-30 10:40:51.456554,1023.0,0.0,0.0,0.0,0.0,0.0
2018-05-30 10:40:51.667385,1023.0,0.0,0.0,0.0,0.0,0.0
2018-05-30 10:40:51.869223,1023.0,0.0,0.0,0.0,0.0,0.0
2018-05-30 10:40:52.071062,1023.0,0.0,0.0,0.0,0.0,0.0
2018-05-30 10:40:52.273899,1023.0,0.0,0.0,0.0,0.0,0.0
2018-05-30 10:40:52.475738,1023.0,0.0,0.0,0.0,0.0,0.0
2018-05-30 10:40:52.676577,1023.0,0.0,0.0,0.0,0.0,0.0
2018-05-30 10:40:52.878415,1023.0,0.0,0.0,0.0,0.0,0.0
2018-05-30 10:40:53.079254,1023.0,0.0,0.0,0.0,0.0,0.0
2018-05-30 10:40:53.281093,1023.0,0.0,0.0,0.0,0.0,0.0
2018-05-30 10:40:53.481932,1023.0,0.0,0.0,0.0,0.0,0.0
2018-05-30 10:40:53.682771,1023.0,0.0,0.0,0.0,0.0,0.0
2018-05-30 10:40:53.886608,1023.0,0.0,0.0,0.0,0.0,0.0
2018-05-30 10:40:54.087447,1023.0,0.0,0.0,0.0,0.0,0.0
2018-05-30 10:40:54.290285,1023.0,0.0,0.0,0.0,0.0,0.0
2018-05-30 10:40:54.491124,1023.0,0.0,0.0,0.0,0.0,0.0
2018-05-30 10:40:54.691963,1023.0,0.0,0.0,0.0,0.0,0.0
2018-05-30 10:40:54.893802,1023.0,0.0,0.0,0.0,0.0,0.0
2018-05-30 10:40:55.094641,1023.0,0.0,0.0,0.0,0.0,0.0
2018-05-30 10:40:55.295480,1023.0,0.0,0.0,0.0,0.0,0.0
2018-05-30 10:40:55.498318,1023.0,0.0,0.0,0.0,0.0,0.0
2018-05-30 10:40:55.699157,1023.0,0.0,0.0,0.0,0.0,0.0
2018-05-30 10:40:55.900995,1023.0,0.0,0.0,0.0,0.0,0.0
2018-05-30 10:40:56.101834,1023.0,0.0,0.0,0.0,0.0,0.0
2018-05-30 10:40:56.302674,1023.0,0.0,0.0,0.0,0.0,0.0
2018-05-30 10:40:56.504512,1023.0,0.0,0.0,0.0,0.0,0.0
2018-05-30 10:40:56.705351,1023.0,0.0,0.0,0.0,0.0,0.0
2018-05-30 10:40:56.908189,1023.0,0.0,0.0,0.0,0.0,0.0
2018-05-30 10:40:57.109028,1023.0,0.0,0.0,0.0,0.0,0.0
2018-05-30 10:40:57.311866,1023.0,0.0,0.0,0.0,0.0,0.0
2018-05-30 10:40:57.513704,1023.0,0.0,0.0,0.0,0.0,0.0
2018-05-30 10:40:57.714543,1023.0,0.0,0.0,0.0,0.0,0.0
2018-05-30 10:40:57.918380,1023.0,0.0,0.0,0.0,0.0,0.0
2018-05-30 10:40:58.119219,1023.0,0.0,0.0,0.0,0.0,0.0
2018-05-30 10:40:58.321058,1023.0,0.0,0.0,0.0,0.0,0.0
2018-05-30 10:40:58.522896,1023.0,0.0,0.0,0.0,0.0,0.0
2018-05-30 10:40:58.723735,1023.0,0.0,0.0,0.0,0.0,0.0
2018-05-30 10:40:58.926573,1023.0,0.0,0.0,0.0,0.0,0.0
2018-05-30 10:40:59.126413,1023.0,0.0,0.0,0.0,0.0,0.0
2018-05-30 10:40:59.327252,1023.0,0.0,0.0,0.0,0.0,0.0
2018-05-30 10:40:59.530090,1023.0,0.0,0.0,0.0,0.0,0.0
2018-05-30 10:40:59.731928,1023.0,0.0,0.0,0.0,0.0,0.0
2018-05-30 10:40:59.933766,1023.0,0.0,0.0,0.0,0.0,0.0
2018-05-30 10:41:00.134606,1023.0,0.0,0.0,0.0,0.0,0.0
2018-05-30 10:41:00.335445,1023.0,0.0,0.0,0.0,0.0,0.0
2018-05-30 10:41:00.538282,1023.0,0.0,0.0,0.0,0.0,0.0
2018-05-30 10:41:00.739122,1023.0,0.0,0.0,0.0,0.0,0.0
2018-05-30 10:41:00.941959,1023.0,0.0,0.0,0.0,0.0,0.0
2018-05-30 10:41:01.142798,1023.0,0.0,0.0,0.0,0.0,0.0
2018-05-30 10:41:01.345636,1023.0,0.0,0.0,0.0,0.0,0.0
2018-05-30 10:41:01.563462,1023.0,0.0,0.0,0.0,0.0,0.0
2018-05-30 10:41:01.764301,1023.0,0.0,0.0,0.0,0.0,0.0
2018-05-30 10:41:01.966139,1023.0,0.0,0.0,0.0,0.0,0.0
2018-05-30 10:41:02.166978,1023.0,0.0,0.0,0.0,0.0,0.0
2018-05-30 10:41:02.367818,1023.0,0.0,0.0,0.0,0.0,0.0
2018-05-30 10:41:02.570655,1023.0,0.0,0.0,0.0,0.0,0.0
2018-05-30 10:41:02.771494,1023.0,0.0,0.0,0.0,0.0,0.0
2018-05-30 10:41:02.973333,1023.0,0.0,0.0,0.0,0.0,0.0
2018-05-30 10:41:03.174172,1023.0,0.0,0.0,0.0,0.0,0.0
2018-05-30 10:41:03.388001,1023.0,0.0,0.0,0.0,0.0,0.0
2018-05-30 10:41:03.589839,1023.0,0.0,0.0,0.0,0.0,0.0
2018-05-30 10:41:03.790678,1023.0,0.0,0.0,0.0,0.0,0.0
2018-05-30 10:41:03.992517,1023.0,0.0,0.0,0.0,0.0,0.0
2018-05-30 10:41:04.193356,1023.0,0.0,0.0,0.0,0.0,0.0
2018-05-30 10:41:04.394195,1023.0,0.0,0.0,0.0,0.0,0.0
2018-05-30 10:41:04.596034,1023.0,0.0,0.0,0.0,0.0,0.0
2018-05-30 10:41:04.796873,1023.0,0.0,0.0,0.0,0.0,0.0
2018-05-30 10:41:04.998711,1023.0,0.0,0.0,0.0,0.0,0.0
2018-05-30 10:41:05.200550,1023.0,0.0,0.0,0.0,0.0,0.0
2018-05-30 10:41:05.401389,1023.0,0.0,0.0,0.0,0.0,0.0
2018-05-30 10:41:05.603227,1023.0,0.0,0.0,0.0,0.0,0.0
2018-05-30 10:41:05.807064,1023.0,0.0,0.0,0.0,0.0,0.0
2018-05-30 10:41:06.009902,1023.0,0.0,0.0,0.0,0.0,0.0
2018-05-30 10:41:06.211740,1023.0,0.0,0.0,0.0,0.0,0.0
2018-05-30 10:41:06.412579,1023.0,0.0,0.0,0.0,0.0,0.0
2018-05-30 10:41:06.622411,1023.0,0.0,0.0,0.0,0.0,0.0
2018-05-30 10:41:06.823250,1023.0,0.0,0.0,0.0,0.0,0.0
2018-05-30 10:41:07.025089,1023.0,0.0,0.0,0.0,0.0,0.0
2018-05-30 10:41:07.225928,1023.0,0.0,0.0,0.0,0.0,0.0
2018-05-30 10:41:07.426767,1023.0,0.0,0.0,0.0,0.0,0.0
2018-05-30 10:41:07.631603,1023.0,0.0,0.0,0.0,0.0,0.0
2018-05-30 10:41:07.832442,1023.0,0.0,0.0,0.0,0.0,0.0
2018-05-30 10:41:08.034281,1023.0,0.0,0.0,0.0,0.0,0.0
2018-05-30 10:41:08.235120,1023.0,0.0,0.0,0.0,0.0,0.0
2018-05-30 10:41:08.435959,1023.0,0.0,0.0,0.0,0.0,0.0
2018-05-30 10:41:08.637798,1023.0,0.0,0.0,0.0,0.0,0.0
2018-05-30 10:41:08.838637,1023.0,0.0,0.0,0.0,0.0,0.0
2018-05-30 10:41:09.041474,1023.0,0.0,0.0,0.0,0.0,0.0
2018-05-30 10:41:09.242314,1023.0,0.0,0.0,0.0,0.0,0.0
2018-05-30 10:41:09.443153,1023.0,0.0,0.0,0.0,0.0,0.0
2018-05-30 10:41:09.644991,1023.0,0.0,0.0,0.0,0.0,0.0
2018-05-30 10:41:09.845830,1023.0,0.0,0.0,0.0,0.0,0.0
2018-05-30 10:41:10.048668,1023.0,0.0,0.0,0.0,0.0,0.0
2018-05-30 10:41:10.249507,1023.0,0.0,0.0,0.0,0.0,0.0
2018-05-30 10:41:10.450346,1023.0,0.0,0.0,0.0,0.0,0.0
2018-05-30 10:41:10.653184,1023.0,0.0,0.0,0.0,0.0,0.0
2018-05-30 10:41:10.855022,1023.0,0.0,0.0,0.0,0.0,0.0
2018-05-30 10:41:11.056861,1023.0,0.0,0.0,0.0,0.0,0.0
2018-05-30 10:41:11.257700,1023.0,0.0,0.0,0.0,0.0,0.0
2018-05-30 10:41:11.458539,1023.0,0.0,0.0,0.0,0.0,0.0
2018-05-30 10:41:11.680362,1023.0,0.0,0.0,0.0,0.0,0.0
2018-05-30 10:41:11.881201,1023.0,0.0,0.0,0.0,0.0,0.0
2018-05-30 10:41:12.083039,1023.0,0.0,0.0,0.0,0.0,0.0
2018-05-30 10:41:12.283878,1023.0,0.0,0.0,0.0,0.0,0.0
2018-05-30 10:41:12.484718,1023.0,0.0,0.0,0.0,0.0,0.0
2018-05-30 10:41:12.686556,1023.0,0.0,0.0,0.0,0.0,0.0
2018-05-30 10:41:12.888394,1023.0,0.0,0.0,0.0,0.0,0.0
2018-05-30 10:41:13.090233,1023.0,0.0,0.0,0.0,0.0,0.0
2018-05-30 10:41:13.291072,1023.0,0.0,0.0,0.0,0.0,0.0
2018-05-30 10:41:13.491911,1023.0,0.0,0.0,0.0,0.0,0.0
2018-05-30 10:41:13.693750,1023.0,0.0,0.0,0.0,0.0,0.0
2018-05-30 10:41:13.895588,1023.0,0.0,0.0,0.0,0.0,0.0
2018-05-30 10:41:14.098426,1023.0,0.0,0.0,0.0,0.0,0.0
2018-05-30 10:41:14.299265,1023.0,0.0,0.0,0.0,0.0,0.0
2018-05-30 10:41:14.500104,1023.0,0.0,0.0,0.0,0.0,0.0
2018-05-30 10:41:14.704940,1023.0,0.0,0.0,0.0,0.0,0.0
2018-05-30 10:41:14.905779,1023.0,0.0,0.0,0.0,0.0,0.0
2018-05-30 10:41:15.110615,1023.0,0.0,0.0,0.0,0.0,0.0
2018-05-30 10:41:15.311454,1023.0,0.0,0.0,0.0,0.0,0.0
2018-05-30 10:41:15.512294,1023.0,0.0,0.0,0.0,0.0,0.0
2018-05-30 10:41:15.715131,1023.0,0.0,0.0,0.0,0.0,0.0
2018-05-30 10:41:15.915970,1023.0,0.0,0.0,0.0,0.0,0.0
2018-05-30 10:41:16.117809,1023.0,0.0,0.0,0.0,0.0,0.0
2018-05-30 10:41:16.318648,1023.0,0.0,0.0,0.0,0.0,0.0
2018-05-30 10:41:16.519487,1023.0,0.0,0.0,0.0,0.0,0.0
2018-05-30 10:41:16.721326,1023.0,0.0,0.0,0.0,0.0,0.0
2018-05-30 10:41:16.922165,1023.0,0.0,0.0,0.0,0.0,0.0
2018-05-30 10:41:17.124003,1023.0,0.0,0.0,0.0,0.0,0.0
2018-05-30 10:41:17.324842,1023.0,0.0,0.0,0.0,0.0,0.0
2018-05-30 10:41:17.525682,1023.0,0.0,0.0,0.0,0.0,0.0
2018-05-30 10:41:17.728519,1023.0,0.0,0.0,0.0,0.0,0.0
2018-05-30 10:41:17.930358,1023.0,0.0,0.0,0.0,0.0,0.0
2018-05-30 10:41:18.133195,1023.0,0.0,0.0,0.0,0.0,0.0
2018-05-30 10:41:18.334034,1023.0,0.0,0.0,0.0,0.0,0.0
2018-05-30 10:41:18.534874,1023.0,0.0,0.0,0.0,0.0,0.0
2018-05-30 10:41:18.736712,1023.0,0.0,0.0,0.0,0.0,0.0
2018-05-30 10:41:18.937551,1023.0,0.0,0.0,0.0,0.0,0.0
2018-05-30 10:41:19.141388,1023.0,0.0,0.0,0.0,0.0,0.0
2018-05-30 10:41:19.343226,1023.0,0.0,0.0,0.0,0.0,0.0
2018-05-30 10:41:19.544066,1023.0,0.0,0.0,0.0,0.0,0.0
2018-05-30 10:41:19.745904,1023.0,0.0,0.0,0.0,0.0,0.0
2018-05-30 10:41:19.946743,1023.0,0.0,0.0,0.0,0.0,0.0
2018-05-30 10:41:20.149581,1023.0,0.0,0.0,0.0,0.0,0.0
2018-05-30 10:41:20.351419,1023.0,0.0,0.0,0.0,0.0,0.0
2018-05-30 10:41:20.552258,1023.0,0.0,0.0,0.0,0.0,0.0
2018-05-30 10:41:20.754097,1023.0,0.0,0.0,0.0,0.0,0.0
2018-05-30 10:41:20.954936,1023.0,0.0,0.0,0.0,0.0,0.0
2018-05-30 10:41:21.157774,1023.0,0.0,0.0,0.0,0.0,0.0
2018-05-30 10:41:21.358613,1023.0,0.0,0.0,0.0,0.0,0.0
2018-05-30 10:41:21.569444,1023.0,0.0,0.0,0.0,0.0,0.0
2018-05-30 10:41:21.772282,1023.0,0.0,0.0,0.0,0.0,0.0
2018-05-30 10:41:21.973121,1023.0,0.0,0.0,0.0,0.0,0.0
2018-05-30 10:41:22.174959,1023.0,0.0,0.0,0.0,0.0,0.0
2018-05-30 10:41:22.375798,1023.0,0.0,0.0,0.0,0.0,0.0
2018-05-30 10:41:22.576638,1023.0,0.0,0.0,0.0,0.0,0.0
2018-05-30 10:41:22.779475,1023.0,0.0,0.0,0.0,0.0,0.0
2018-05-30 10:41:22.980314,1023.0,0.0,0.0,0.0,0.0,0.0
2018-05-30 10:41:23.183152,1023.0,0.0,0.0,0.0,0.0,0.0
2018-05-30 10:41:23.384990,1023.0,0.0,0.0,0.0,0.0,0.0
2018-05-30 10:41:23.587828,1023.0,0.0,0.0,0.0,0.0,0.0
2018-05-30 10:41:23.790666,1023.0,0.0,0.0,0.0,0.0,0.0
2018-05-30 10:41:23.991505,1023.0,0.0,0.0,0.0,0.0,0.0
2018-05-30 10:41:24.194342,1023.0,0.0,0.0,0.0,0.0,0.0
2018-05-30 10:41:24.395182,1023.0,0.0,0.0,0.0,0.0,0.0
2018-05-30 10:41:24.596021,1023.0,0.0,0.0,0.0,0.0,0.0
2018-05-30 10:41:24.798858,1023.0,0.0,0.0,0.0,0.0,0.0
2018-05-30 10:41:24.999698,1023.0,0.0,0.0,0.0,0.0,0.0
2018-05-30 10:41:25.200537,1023.0,0.0,0.0,0.0,0.0,0.0
2018-05-30 10:41:25.402375,1023.0,0.0,0.0,0.0,0.0,0.0
2018-05-30 10:41:25.603214,1023.0,0.0,0.0,0.0,0.0,0.0
2018-05-30 10:41:25.805053,1023.0,0.0,0.0,0.0,0.0,0.0
2018-05-30 10:41:26.006891,1023.0,0.0,0.0,0.0,0.0,0.0
2018-05-30 10:41:26.207730,1023.0,0.0,0.0,0.0,0.0,0.0
2018-05-30 10:41:26.409569,1023.0,0.0,0.0,0.0,0.0,0.0
2018-05-30 10:41:26.610408,1023.0,0.0,0.0,0.0,0.0,0.0
2018-05-30 10:41:26.812246,1023.0,0.0,0.0,0.0,0.0,0.0
2018-05-30 10:41:27.013086,1023.0,0.0,0.0,0.0,0.0,0.0
2018-05-30 10:41:27.213925,1023.0,0.0,0.0,0.0,0.0,0.0
2018-05-30 10:41:27.415763,1023.0,0.0,0.0,0.0,0.0,0.0
2018-05-30 10:41:27.616602,1023.0,0.0,0.0,0.0,0.0,0.0
2018-05-30 10:41:27.820439,1023.0,0.0,0.0,0.0,0.0,0.0
2018-05-30 10:41:28.021278,1023.0,0.0,0.0,0.0,0.0,0.0
2018-05-30 10:41:28.223117,1023.0,0.0,0.0,0.0,0.0,0.0
2018-05-30 10:41:28.424955,1023.0,0.0,0.0,0.0,0.0,0.0
2018-05-30 10:41:28.625794,1023.0,0.0,0.0,0.0,0.0,0.0
2018-05-30 10:41:28.828632,1023.0,0.0,0.0,0.0,0.0,0.0
2018-05-30 10:41:29.029471,1023.0,0.0,0.0,0.0,0.0,0.0
2018-05-30 10:41:29.231310,1023.0,0.0,0.0,0.0,0.0,0.0
2018-05-30 10:41:29.432149,1023.0,0.0,0.0,0.0,0.0,0.0
2018-05-30 10:41:29.632988,1023.0,0.0,0.0,0.0,0.0,0.0
2018-05-30 10:41:29.834826,1023.0,0.0,0.0,0.0,0.0,0.0
2018-05-30 10:41:30.036665,1023.0,0.0,0.0,0.0,0.0,0.0
2018-05-30 10:41:30.237504,1023.0,0.0,0.0,0.0,0.0,0.0
2018-05-30 10:41:30.439342,1023.0,0.0,0.0,0.0,0.0,0.0
2018-05-30 10:41:30.640182,1023.0,0.0,0.0,0.0,0.0,0.0
2018-05-30 10:41:30.842020,1023.0,0.0,0.0,0.0,0.0,0.0
2018-05-30 10:41:31.042859,1023.0,0.0,0.0,0.0,0.0,0.0
2018-05-30 10:41:31.243698,1023.0,0.0,0.0,0.0,0.0,0.0
2018-05-30 10:41:31.446536,1023.0,0.0,0.0,0.0,0.0,0.0
2018-05-30 10:41:31.654370,1023.0,0.0,0.0,0.0,0.0,0.0
2018-05-30 10:41:31.856208,1023.0,0.0,0.0,0.0,0.0,0.0
2018-05-30 10:41:32.058046,1023.0,0.0,0.0,0.0,0.0,0.0
2018-05-30 10:41:32.261883,1023.0,0.0,0.0,0.0,0.0,0.0
2018-05-30 10:41:32.463722,1023.0,0.0,0.0,0.0,0.0,0.0
2018-05-30 10:41:32.664561,1023.0,0.0,0.0,0.0,0.0,0.0
2018-05-30 10:41:32.866399,1023.0,0.0,0.0,0.0,0.0,0.0
2018-05-30 10:41:33.067238,1023.0,0.0,0.0,0.0,0.0,0.0
2018-05-30 10:41:33.268078,1023.0,0.0,0.0,0.0,0.0,0.0
2018-05-30 10:41:33.469916,1023.0,0.0,0.0,0.0,0.0,0.0
2018-05-30 10:41:33.670755,1023.0,0.0,0.0,0.0,0.0,0.0
2018-05-30 10:41:33.873593,1023.0,0.0,0.0,0.0,0.0,0.0
2018-05-30 10:41:34.654967,1023.0,0.0,0.0,0.0,0.0,0.0
2018-05-30 10:41:34.857805,1023.0,0.0,0.0,0.0,0.0,0.0
2018-05-30 10:41:35.059643,1023.0,0.0,0.0,0.0,0.0,0.0
2018-05-30 10:41:35.259483,1023.0,0.0,0.0,0.0,0.0,0.0
2018-05-30 10:41:35.461322,1023.0,0.0,0.0,0.0,0.0,0.0
2018-05-30 10:41:35.662161,1023.0,0.0,0.0,0.0,0.0,0.0
2018-05-30 10:41:35.863999,1023.0,0.0,0.0,0.0,0.0,0.0
2018-05-30 10:41:36.064838,1023.0,0.0,0.0,0.0,0.0,0.0
2018-05-30 10:41:36.266677,1023.0,0.0,0.0,0.0,0.0,0.0
2018-05-30 10:41:36.468515,1023.0,0.0,0.0,0.0,0.0,0.0
2018-05-30 10:41:36.669354,1023.0,0.0,0.0,0.0,0.0,0.0
2018-05-30 10:41:36.873191,1023.0,0.0,0.0,0.0,0.0,0.0
2018-05-30 10:41:37.074030,1023.0,0.0,0.0,0.0,0.0,0.0
2018-05-30 10:41:37.274870,1023.0,0.0,0.0,0.0,0.0,0.0
2018-05-30 10:41:37.476708,1023.0,0.0,0.0,0.0,0.0,0.0
2018-05-30 10:41:37.680545,1023.0,0.0,0.0,0.0,0.0,0.0
2018-05-30 10:41:37.881384,1023.0,0.0,0.0,0.0,0.0,0.0
2018-05-30 10:41:38.082223,1023.0,0.0,0.0,0.0,0.0,0.0
2018-05-30 10:41:38.283062,1023.0,0.0,0.0,0.0,0.0,0.0
2018-05-30 10:41:38.485900,1023.0,0.0,0.0,0.0,0.0,0.0
2018-05-30 10:41:38.686739,1023.0,0.0,0.0,0.0,0.0,0.0
2018-05-30 10:41:38.889577,1023.0,0.0,0.0,0.0,0.0,0.0
2018-05-30 10:41:39.090416,1023.0,0.0,0.0,0.0,0.0,0.0
2018-05-30 10:41:39.293254,1023.0,0.0,0.0,0.0,0.0,0.0
2018-05-30 10:41:39.495092,1023.0,0.0,0.0,0.0,0.0,0.0
2018-05-30 10:41:39.700927,1023.0,0.0,0.0,0.0,0.0,0.0
2018-05-30 10:41:39.904764,1023.0,0.0,0.0,0.0,0.0,0.0
2018-05-30 10:41:40.110599,1023.0,0.0,0.0,0.0,0.0,0.0
2018-05-30 10:41:40.316434,1023.0,0.0,0.0,0.0,0.0,0.0
2018-05-30 10:41:40.521270,1023.0,0.0,0.0,0.0,0.0,0.0
2018-05-30 10:41:40.727106,1023.0,0.0,0.0,0.0,0.0,0.0
2018-05-30 10:41:40.931942,1023.0,0.0,0.0,0.0,0.0,0.0
2018-05-30 10:41:41.191734,1023.0,0.0,0.0,0.0,0.0,0.0
2018-05-30 10:41:41.398568,1023.0,0.0,0.0,0.0,0.0,0.0
2018-05-30 10:41:41.605402,1023.0,0.0,0.0,0.0,0.0,0.0
2018-05-30 10:41:41.806242,1023.0,0.0,0.0,0.0,0.0,0.0
2018-05-30 10:41:42.008080,1023.0,0.0,0.0,0.0,0.0,0.0
2018-05-30 10:41:42.208919,1023.0,0.0,0.0,0.0,0.0,0.0
2018-05-30 10:41:42.409758,1023.0,0.0,0.0,0.0,0.0,0.0
2018-05-30 10:41:42.611597,1023.0,0.0,0.0,0.0,0.0,0.0
2018-05-30 10:41:42.812436,1023.0,0.0,0.0,0.0,0.0,0.0
2018-05-30 10:41:43.014274,1023.0,0.0,0.0,0.0,0.0,0.0
2018-05-30 10:41:43.215114,1023.0,0.0,0.0,0.0,0.0,0.0
2018-05-30 10:41:43.416952,1023.0,0.0,0.0,0.0,0.0,0.0
2018-05-30 10:41:43.619790,1023.0,0.0,0.0,0.0,0.0,0.0
2018-05-30 10:41:43.822627,1023.0,0.0,0.0,0.0,0.0,0.0
2018-05-30 10:41:44.024466,1023.0,0.0,0.0,0.0,0.0,0.0
2018-05-30 10:41:44.225305,1023.0,0.0,0.0,0.0,0.0,0.0
2018-05-30 10:41:44.426144,1023.0,0.0,0.0,0.0,0.0,0.0
2018-05-30 10:41:44.628982,1023.0,0.0,0.0,0.0,0.0,0.0
2018-05-30 10:41:44.829821,1023.0,0.0,0.0,0.0,0.0,0.0
2018-05-30 10:41:45.031659,1023.0,0.0,0.0,0.0,0.0,0.0
2018-05-30 10:41:45.232498,1023.0,0.0,0.0,0.0,0.0,0.0
2018-05-30 10:41:45.433338,1023.0,0.0,0.0,0.0,0.0,0.0
2018-05-30 10:41:45.635176,1023.0,0.0,0.0,0.0,0.0,0.0
2018-05-30 10:41:45.836015,1023.0,0.0,0.0,0.0,0.0,0.0
2018-05-30 10:41:46.037854,1023.0,0.0,0.0,0.0,0.0,0.0
2018-05-30 10:41:46.238693,1023.0,0.0,0.0,0.0,0.0,0.0
2018-05-30 10:41:46.439532,1023.0,0.0,0.0,0.0,0.0,0.0
2018-05-30 10:41:46.641370,1023.0,0.0,0.0,0.0,0.0,0.0
2018-05-30 10:41:46.842210,1023.0,0.0,0.0,0.0,0.0,0.0
2018-05-30 10:41:47.044048,1023.0,0.0,0.0,0.0,0.0,0.0
2018-05-30 10:41:47.244887,1023.0,0.0,0.0,0.0,0.0,0.0
2018-05-30 10:41:47.446726,1023.0,0.0,0.0,0.0,0.0,0.0
2018-05-30 10:41:47.651562,1023.0,0.0,0.0,0.0,0.0,0.0
2018-05-30 10:41:47.852401,1023.0,0.0,0.0,0.0,0.0,0.0
2018-05-30 10:41:48.054239,1023.0,0.0,0.0,0.0,0.0,0.0
2018-05-30 10:41:48.255078,1023.0,0.0,0.0,0.0,0.0,0.0
2018-05-30 10:41:48.455918,1023.0,0.0,0.0,0.0,0.0,0.0
2018-05-30 10:41:48.658755,1023.0,0.0,0.0,0.0,0.0,0.0
2018-05-30 10:41:48.858595,1023.0,0.0,0.0,0.0,0.0,0.0
2018-05-30 10:41:49.060434,1023.0,0.0,0.0,0.0,0.0,0.0
2018-05-30 10:41:49.263271,1023.0,0.0,0.0,0.0,0.0,0.0
2018-05-30 10:41:49.465110,1023.0,0.0,0.0,0.0,0.0,0.0
2018-05-30 10:41:49.666948,1023.0,0.0,0.0,0.0,0.0,0.0
2018-05-30 10:41:49.867787,1023.0,0.0,0.0,0.0,0.0,0.0
2018-05-30 10:41:50.070625,1023.0,0.0,0.0,0.0,0.0,0.0
2018-05-30 10:41:50.271464,1023.0,0.0,0.0,0.0,0.0,0.0
2018-05-30 10:41:50.472303,1023.0,0.0,0.0,0.0,0.0,0.0
2018-05-30 10:41:50.674142,1023.0,0.0,0.0,0.0,0.0,0.0
2018-05-30 10:41:50.875980,1023.0,0.0,0.0,0.0,0.0,0.0
2018-05-30 10:41:51.078818,1023.0,0.0,0.0,0.0,0.0,0.0
2018-05-30 10:41:51.280656,1023.0,0.0,0.0,0.0,0.0,0.0
2018-05-30 10:41:51.482494,1023.0,0.0,0.0,0.0,0.0,0.0
2018-05-30 10:41:51.686331,1023.0,0.0,0.0,0.0,0.0,0.0
2018-05-30 10:41:51.887170,1023.0,0.0,0.0,0.0,0.0,0.0
2018-05-30 10:41:52.089009,1023.0,0.0,0.0,0.0,0.0,0.0
2018-05-30 10:41:52.289848,1023.0,0.0,0.0,0.0,0.0,0.0
2018-05-30 10:41:52.490687,1023.0,0.0,0.0,0.0,0.0,0.0
2018-05-30 10:41:52.694524,1023.0,0.0,0.0,0.0,0.0,0.0
2018-05-30 10:41:52.895363,1023.0,0.0,0.0,0.0,0.0,0.0
2018-05-30 10:41:53.097202,1023.0,0.0,0.0,0.0,0.0,0.0
2018-05-30 10:41:53.298041,1023.0,0.0,0.0,0.0,0.0,0.0
2018-05-30 10:41:53.500878,1023.0,0.0,0.0,0.0,0.0,0.0
2018-05-30 10:41:53.703716,1023.0,0.0,0.0,0.0,0.0,0.0
2018-05-30 10:41:53.904555,1023.0,0.0,0.0,0.0,0.0,0.0
2018-05-30 10:41:54.106394,1023.0,0.0,0.0,0.0,0.0,0.0
2018-05-30 10:41:54.307233,1023.0,0.0,0.0,0.0,0.0,0.0
2018-05-30 10:41:54.508072,1023.0,0.0,0.0,0.0,0.0,0.0
2018-05-30 10:41:54.709910,1023.0,0.0,0.0,0.0,0.0,0.0
2018-05-30 10:41:54.910750,1023.0,0.0,0.0,0.0,0.0,0.0
2018-05-30 10:41:55.113587,1023.0,0.0,0.0,0.0,0.0,0.0
2018-05-30 10:41:55.314426,1023.0,0.0,0.0,0.0,0.0,0.0
2018-05-30 10:41:55.515266,1023.0,0.0,0.0,0.0,0.0,0.0
2018-05-30 10:41:55.717104,1023.0,0.0,0.0,0.0,0.0,0.0
2018-05-30 10:41:55.917943,1023.0,0.0,0.0,0.0,0.0,0.0
2018-05-30 10:41:56.119782,1023.0,0.0,0.0,0.0,0.0,0.0
2018-05-30 10:41:56.321620,1023.0,0.0,0.0,0.0,0.0,0.0
2018-05-30 10:41:56.522459,1023.0,0.0,0.0,0.0,0.0,0.0
2018-05-30 10:41:56.724298,1023.0,0.0,0.0,0.0,0.0,0.0
2018-05-30 10:41:56.925137,1023.0,0.0,0.0,0.0,0.0,0.0
2018-05-30 10:41:57.126975,1023.0,0.0,0.0,0.0,0.0,0.0
2018-05-30 10:41:57.328814,1023.0,0.0,0.0,0.0,0.0,0.0
2018-05-30 10:41:57.529653,1023.0,0.0,0.0,0.0,0.0,0.0
2018-05-30 10:41:57.732490,1023.0,0.0,0.0,0.0,0.0,0.0
2018-05-30 10:41:57.933330,1023.0,0.0,0.0,0.0,0.0,0.0
2018-05-30 10:41:58.136167,1023.0,0.0,0.0,0.0,0.0,0.0
2018-05-30 10:41:58.337006,1023.0,0.0,0.0,0.0,0.0,0.0
2018-05-30 10:41:58.537846,1023.0,0.0,0.0,0.0,0.0,0.0
2018-05-30 10:41:58.739684,1023.0,0.0,0.0,0.0,0.0,0.0
2018-05-30 10:41:58.941522,1023.0,0.0,0.0,0.0,0.0,0.0
2018-05-30 10:41:59.142362,1023.0,0.0,0.0,0.0,0.0,0.0
2018-05-30 10:41:59.344200,1023.0,0.0,0.0,0.0,0.0,0.0
2018-05-30 10:41:59.545039,1023.0,0.0,0.0,0.0,0.0,0.0
2018-05-30 10:41:59.746878,1023.0,0.0,0.0,0.0,0.0,0.0
2018-05-30 10:41:59.947717,1023.0,0.0,0.0,0.0,0.0,0.0
2018-05-30 10:42:00.148556,1023.0,0.0,0.0,0.0,0.0,0.0
2018-05-30 10:42:00.351394,1023.0,0.0,0.0,0.0,0.0,0.0
2018-05-30 10:42:00.552233,1023.0,0.0,0.0,0.0,0.0,0.0
2018-05-30 10:42:00.755070,1023.0,0.0,0.0,0.0,0.0,0.0
2018-05-30 10:42:00.954910,1023.0,0.0,0.0,0.0,0.0,0.0
2018-05-30 10:42:01.155750,1023.0,0.0,0.0,0.0,0.0,0.0
2018-05-30 10:42:01.357588,1023.0,0.0,0.0,0.0,0.0,0.0
2018-05-30 10:42:01.558427,1023.0,0.0,0.0,0.0,0.0,0.0
2018-05-30 10:42:01.760266,1023.0,0.0,0.0,0.0,0.0,0.0
2018-05-30 10:42:01.961105,1023.0,0.0,0.0,0.0,0.0,0.0
2018-05-30 10:42:02.161944,1023.0,0.0,0.0,0.0,0.0,0.0
2018-05-30 10:42:02.370777,1023.0,0.0,0.0,0.0,0.0,0.0
2018-05-30 10:42:02.571616,1023.0,0.0,0.0,0.0,0.0,0.0
2018-05-30 10:42:02.773454,1023.0,0.0,0.0,0.0,0.0,0.0
2018-05-30 10:42:02.974294,1023.0,0.0,0.0,0.0,0.0,0.0
2018-05-30 10:42:03.175133,1023.0,0.0,0.0,0.0,0.0,0.0
2018-05-30 10:42:03.376971,1023.0,0.0,0.0,0.0,0.0,0.0
2018-05-30 10:42:03.577810,1023.0,0.0,0.0,0.0,0.0,0.0
2018-05-30 10:42:03.779649,1023.0,0.0,0.0,0.0,0.0,0.0
2018-05-30 10:42:03.980488,1023.0,0.0,0.0,0.0,0.0,0.0
2018-05-30 10:42:04.181327,1023.0,0.0,0.0,0.0,0.0,0.0
2018-05-30 10:42:04.383166,1023.0,0.0,0.0,0.0,0.0,0.0
2018-05-30 10:42:04.584005,1023.0,0.0,0.0,0.0,0.0,0.0
2018-05-30 10:42:04.786842,1023.0,0.0,0.0,0.0,0.0,0.0
2018-05-30 10:42:04.987682,1023.0,0.0,0.0,0.0,0.0,0.0
2018-05-30 10:42:05.188521,1023.0,0.0,0.0,0.0,0.0,0.0
2018-05-30 10:42:05.392358,1023.0,0.0,0.0,0.0,0.0,0.0
2018-05-30 10:42:05.593197,1023.0,0.0,0.0,0.0,0.0,0.0
2018-05-30 10:42:05.795035,1023.0,0.0,0.0,0.0,0.0,0.0
2018-05-30 10:42:05.995874,1023.0,0.0,0.0,0.0,0.0,0.0
2018-05-30 10:42:06.197713,1023.0,0.0,0.0,0.0,0.0,0.0
2018-05-30 10:42:06.399551,1023.0,0.0,0.0,0.0,0.0,0.0
2018-05-30 10:42:06.602389,1023.0,0.0,0.0,0.0,0.0,0.0
2018-05-30 10:42:06.804227,1023.0,0.0,0.0,0.0,0.0,0.0
2018-05-30 10:42:07.005066,1023.0,0.0,0.0,0.0,0.0,0.0
2018-05-30 10:42:07.205906,1023.0,0.0,0.0,0.0,0.0,0.0
2018-05-30 10:42:07.418735,1023.0,0.0,0.0,0.0,0.0,0.0
2018-05-30 10:42:07.619574,1023.0,0.0,0.0,0.0,0.0,0.0
2018-05-30 10:42:07.821413,1023.0,0.0,0.0,0.0,0.0,0.0
2018-05-30 10:42:08.022252,1023.0,0.0,0.0,0.0,0.0,0.0
2018-05-30 10:42:08.223091,1023.0,0.0,0.0,0.0,0.0,0.0
2018-05-30 10:42:08.426928,1023.0,0.0,0.0,0.0,0.0,0.0
2018-05-30 10:42:08.627767,1023.0,0.0,0.0,0.0,0.0,0.0
2018-05-30 10:42:08.830605,1023.0,0.0,0.0,0.0,0.0,0.0
2018-05-30 10:42:09.031444,1023.0,0.0,0.0,0.0,0.0,0.0
2018-05-30 10:42:09.232283,1023.0,0.0,0.0,0.0,0.0,0.0
2018-05-30 10:42:09.434122,1023.0,0.0,0.0,0.0,0.0,0.0
2018-05-30 10:42:09.634961,1023.0,0.0,0.0,0.0,0.0,0.0
2018-05-30 10:42:09.837798,1023.0,0.0,0.0,0.0,0.0,0.0
2018-05-30 10:42:10.038638,1023.0,0.0,0.0,0.0,0.0,0.0
2018-05-30 10:42:10.239477,1023.0,0.0,0.0,0.0,0.0,0.0
2018-05-30 10:42:10.442314,1023.0,0.0,0.0,0.0,0.0,0.0
2018-05-30 10:42:10.643154,1023.0,0.0,0.0,0.0,0.0,0.0
2018-05-30 10:42:10.845991,1023.0,0.0,0.0,0.0,0.0,0.0
2018-05-30 10:42:11.046830,1023.0,0.0,0.0,0.0,0.0,0.0
2018-05-30 10:42:11.247670,1023.0,0.0,0.0,0.0,0.0,0.0
2018-05-30 10:42:11.449508,1023.0,0.0,0.0,0.0,0.0,0.0
2018-05-30 10:42:11.667334,1023.0,0.0,0.0,0.0,0.0,0.0
2018-05-30 10:42:11.869172,1023.0,0.0,0.0,0.0,0.0,0.0
2018-05-30 10:42:12.070011,1023.0,0.0,0.0,0.0,0.0,0.0
2018-05-30 10:42:12.270850,1023.0,0.0,0.0,0.0,0.0,0.0
2018-05-30 10:42:12.473688,1023.0,0.0,0.0,0.0,0.0,0.0
2018-05-30 10:42:12.674527,1023.0,0.0,0.0,0.0,0.0,0.0
2018-05-30 10:42:12.877365,1023.0,0.0,0.0,0.0,0.0,0.0
2018-05-30 10:42:13.078204,1023.0,0.0,0.0,0.0,0.0,0.0
2018-05-30 10:42:13.279043,1023.0,0.0,0.0,0.0,0.0,0.0
2018-05-30 10:42:13.480882,1023.0,0.0,0.0,0.0,0.0,0.0
2018-05-30 10:42:13.681721,1023.0,0.0,0.0,0.0,0.0,0.0
2018-05-30 10:42:13.883559,1023.0,0.0,0.0,0.0,0.0,0.0
2018-05-30 10:42:14.084398,1023.0,0.0,0.0,0.0,0.0,0.0
2018-05-30 10:42:14.285238,1023.0,0.0,0.0,0.0,0.0,0.0
2018-05-30 10:42:14.487076,1023.0,0.0,0.0,0.0,0.0,0.0
2018-05-30 10:42:14.687915,1023.0,0.0,0.0,0.0,0.0,0.0
2018-05-30 10:42:14.889754,1023.0,0.0,0.0,0.0,0.0,0.0
2018-05-30 10:42:15.102583,1023.0,0.0,0.0,0.0,0.0,0.0
2018-05-30 10:42:15.303422,1023.0,0.0,0.0,0.0,0.0,0.0
2018-05-30 10:42:15.505261,1023.0,0.0,0.0,0.0,0.0,0.0
2018-05-30 10:42:15.706100,1023.0,0.0,0.0,0.0,0.0,0.0
2018-05-30 10:42:15.907938,1023.0,0.0,0.0,0.0,0.0,0.0
2018-05-30 10:42:16.109777,1023.0,0.0,0.0,0.0,0.0,0.0
2018-05-30 10:42:16.310616,1023.0,0.0,0.0,0.0,0.0,0.0
2018-05-30 10:42:16.512454,1023.0,0.0,0.0,0.0,0.0,0.0
2018-05-30 10:42:16.713294,1023.0,0.0,0.0,0.0,0.0,0.0
2018-05-30 10:42:16.915132,1023.0,0.0,0.0,0.0,0.0,0.0
2018-05-30 10:42:17.115971,1023.0,0.0,0.0,0.0,0.0,0.0
2018-05-30 10:42:17.316810,1023.0,0.0,0.0,0.0,0.0,0.0
2018-05-30 10:42:17.520647,1023.0,0.0,0.0,0.0,0.0,0.0
2018-05-30 10:42:17.722486,1023.0,0.0,0.0,0.0,0.0,0.0
2018-05-30 10:42:17.925323,1023.0,0.0,0.0,0.0,0.0,0.0
2018-05-30 10:42:18.127162,1023.0,0.0,0.0,0.0,0.0,0.0
2018-05-30 10:42:18.328001,1023.0,0.0,0.0,0.0,0.0,0.0
2018-05-30 10:42:18.529839,1023.0,0.0,0.0,0.0,0.0,0.0
2018-05-30 10:42:18.730678,1023.0,0.0,0.0,0.0,0.0,0.0
2018-05-30 10:42:18.932517,1023.0,0.0,0.0,0.0,0.0,0.0
2018-05-30 10:42:19.133356,1023.0,0.0,0.0,0.0,0.0,0.0
2018-05-30 10:42:19.336194,1023.0,0.0,0.0,0.0,0.0,0.0
2018-05-30 10:42:19.538032,1023.0,0.0,0.0,0.0,0.0,0.0
2018-05-30 10:42:19.738871,1023.0,0.0,0.0,0.0,0.0,0.0
2018-05-30 10:42:19.944706,1023.0,0.0,0.0,0.0,0.0,0.0
2018-05-30 10:42:20.145546,1023.0,0.0,0.0,0.0,0.0,0.0
2018-05-30 10:42:20.346385,1023.0,0.0,0.0,0.0,0.0,0.0
2018-05-30 10:42:20.549222,1023.0,0.0,0.0,0.0,0.0,0.0
2018-05-30 10:42:20.750062,1023.0,0.0,0.0,0.0,0.0,0.0
2018-05-30 10:42:20.951900,1023.0,0.0,0.0,0.0,0.0,0.0
2018-05-30 10:42:21.152739,1023.0,0.0,0.0,0.0,0.0,0.0
2018-05-30 10:42:21.353578,1023.0,0.0,0.0,0.0,0.0,0.0
2018-05-30 10:42:21.558414,1023.0,0.0,0.0,0.0,0.0,0.0
2018-05-30 10:42:21.759254,1023.0,0.0,0.0,0.0,0.0,0.0
2018-05-30 10:42:21.961092,1023.0,0.0,0.0,0.0,0.0,0.0
2018-05-30 10:42:22.161931,1023.0,0.0,0.0,0.0,0.0,0.0
2018-05-30 10:42:22.362770,1023.0,0.0,0.0,0.0,0.0,0.0
2018-05-30 10:42:22.565608,1023.0,0.0,0.0,0.0,0.0,0.0
2018-05-30 10:42:22.765448,1023.0,0.0,0.0,0.0,0.0,0.0
2018-05-30 10:42:22.969285,1023.0,0.0,0.0,0.0,0.0,0.0
2018-05-30 10:42:23.170124,1023.0,0.0,0.0,0.0,0.0,0.0
2018-05-30 10:42:23.370963,1023.0,0.0,0.0,0.0,0.0,0.0
2018-05-30 10:42:23.573801,1023.0,0.0,0.0,0.0,0.0,0.0
2018-05-30 10:42:23.774640,1023.0,0.0,0.0,0.0,0.0,0.0
2018-05-30 10:42:23.975479,1023.0,0.0,0.0,0.0,0.0,0.0
2018-05-30 10:42:24.179316,1023.0,0.0,0.0,0.0,0.0,0.0
2018-05-30 10:42:24.380155,1023.0,0.0,0.0,0.0,0.0,0.0
2018-05-30 10:42:24.582993,1023.0,0.0,0.0,0.0,0.0,0.0
2018-05-30 10:42:24.782833,1023.0,0.0,0.0,0.0,0.0,0.0
2018-05-30 10:42:24.984671,1023.0,0.0,0.0,0.0,0.0,0.0
2018-05-30 10:42:25.187509,1023.0,0.0,0.0,0.0,0.0,0.0
2018-05-30 10:42:25.389347,1023.0,0.0,0.0,0.0,0.0,0.0
2018-05-30 10:42:25.591186,1023.0,0.0,0.0,0.0,0.0,0.0
2018-05-30 10:42:25.792025,1023.0,0.0,0.0,0.0,0.0,0.0
2018-05-30 10:42:25.992864,1023.0,0.0,0.0,0.0,0.0,0.0
2018-05-30 10:42:26.196701,1023.0,0.0,0.0,0.0,0.0,0.0
2018-05-30 10:42:26.396541,1023.0,0.0,0.0,0.0,0.0,0.0
2018-05-30 10:42:26.600378,1023.0,0.0,0.0,0.0,0.0,0.0
2018-05-30 10:42:26.800218,1023.0,0.0,0.0,0.0,0.0,0.0
2018-05-30 10:42:27.001057,1023.0,0.0,0.0,0.0,0.0,0.0
2018-05-30 10:42:27.202895,1023.0,0.0,0.0,0.0,0.0,0.0
2018-05-30 10:42:27.403734,1023.0,0.0,0.0,0.0,0.0,0.0
2018-05-30 10:42:27.605573,1023.0,0.0,0.0,0.0,0.0,0.0
2018-05-30 10:42:27.850377,1023.0,0.0,0.0,0.0,0.0,0.0
2018-05-30 10:42:28.052215,1023.0,0.0,0.0,0.0,0.0,0.0
2018-05-30 10:42:28.253054,1023.0,0.0,0.0,0.0,0.0,0.0
2018-05-30 10:42:28.453894,1023.0,0.0,0.0,0.0,0.0,0.0
2018-05-30 10:42:28.655732,1023.0,0.0,0.0,0.0,0.0,0.0
2018-05-30 10:42:28.856571,1023.0,0.0,0.0,0.0,0.0,0.0
2018-05-30 10:42:29.059409,1023.0,0.0,0.0,0.0,0.0,0.0
2018-05-30 10:42:29.259249,1023.0,0.0,0.0,0.0,0.0,0.0
2018-05-30 10:42:29.460088,1023.0,0.0,0.0,0.0,0.0,0.0
2018-05-30 10:42:29.662926,1023.0,0.0,0.0,0.0,0.0,0.0
2018-05-30 10:42:29.863765,1023.0,0.0,0.0,0.0,0.0,0.0
2018-05-30 10:42:30.066602,1023.0,0.0,0.0,0.0,0.0,0.0
2018-05-30 10:42:30.267442,1023.0,0.0,0.0,0.0,0.0,0.0
2018-05-30 10:42:30.468281,1023.0,0.0,0.0,0.0,0.0,0.0
2018-05-30 10:42:30.672118,1023.0,0.0,0.0,0.0,0.0,0.0
2018-05-30 10:42:30.871958,1023.0,0.0,0.0,0.0,0.0,0.0
2018-05-30 10:42:31.073796,1023.0,0.0,0.0,0.0,0.0,0.0
2018-05-30 10:42:31.274635,1023.0,0.0,0.0,0.0,0.0,0.0
2018-05-30 10:42:31.475474,1023.0,0.0,0.0,0.0,0.0,0.0
2018-05-30 10:42:31.689303,1023.0,0.0,0.0,0.0,0.0,0.0
2018-05-30 10:42:31.890142,1023.0,0.0,0.0,0.0,0.0,0.0
2018-05-30 10:42:32.099974,1023.0,0.0,0.0,0.0,0.0,0.0
2018-05-30 10:42:32.300814,1023.0,0.0,0.0,0.0,0.0,0.0
2018-05-30 10:42:32.501653,1023.0,0.0,0.0,0.0,0.0,0.0
2018-05-30 10:42:32.703491,1023.0,0.0,0.0,0.0,0.0,0.0
2018-05-30 10:42:32.904330,1023.0,0.0,0.0,0.0,0.0,0.0
2018-05-30 10:42:33.108167,1023.0,0.0,0.0,0.0,0.0,0.0
2018-05-30 10:42:33.309006,1023.0,0.0,0.0,0.0,0.0,0.0
2018-05-30 10:42:33.509846,1023.0,0.0,0.0,0.0,0.0,0.0
2018-05-30 10:42:33.712683,1023.0,0.0,0.0,0.0,0.0,0.0
2018-05-30 10:42:33.914522,1023.0,0.0,0.0,0.0,0.0,0.0
2018-05-30 10:42:34.115361,1023.0,0.0,0.0,0.0,0.0,0.0
2018-05-30 10:42:34.316200,1023.0,0.0,0.0,0.0,0.0,0.0
2018-05-30 10:42:34.517039,1023.0,0.0,0.0,0.0,0.0,0.0
2018-05-30 10:42:34.719877,1023.0,0.0,0.0,0.0,0.0,0.0
2018-05-30 10:42:34.920716,1023.0,0.0,0.0,0.0,0.0,0.0
2018-05-30 10:42:35.122554,1023.0,0.0,0.0,0.0,0.0,0.0
2018-05-30 10:42:35.323394,1023.0,0.0,0.0,0.0,0.0,0.0
2018-05-30 10:42:35.524233,1023.0,0.0,0.0,0.0,0.0,0.0
2018-05-30 10:42:35.726071,1023.0,0.0,0.0,0.0,0.0,0.0
2018-05-30 10:42:35.927910,1023.0,0.0,0.0,0.0,0.0,0.0
2018-05-30 10:42:36.129748,1023.0,0.0,0.0,0.0,0.0,0.0
2018-05-30 10:42:36.339580,1023.0,0.0,0.0,0.0,0.0,0.0
2018-05-30 10:42:36.540419,1023.0,0.0,0.0,0.0,0.0,0.0
2018-05-30 10:42:36.742258,1023.0,0.0,0.0,0.0,0.0,0.0
2018-05-30 10:42:36.944096,1023.0,0.0,0.0,0.0,0.0,0.0
2018-05-30 10:42:37.144935,1023.0,0.0,0.0,0.0,0.0,0.0
2018-05-30 10:42:37.347773,1023.0,0.0,0.0,0.0,0.0,0.0
2018-05-30 10:42:37.548612,1023.0,0.0,0.0,0.0,0.0,0.0
2018-05-30 10:42:37.751450,1023.0,0.0,0.0,0.0,0.0,0.0
2018-05-30 10:42:37.952289,1023.0,0.0,0.0,0.0,0.0,0.0
2018-05-30 10:42:38.153128,1023.0,0.0,0.0,0.0,0.0,0.0
2018-05-30 10:42:38.354966,1023.0,0.0,0.0,0.0,0.0,0.0
2018-05-30 10:42:38.555806,1023.0,0.0,0.0,0.0,0.0,0.0
2018-05-30 10:42:38.757644,1023.0,0.0,0.0,0.0,0.0,0.0
2018-05-30 10:42:38.958483,1023.0,0.0,0.0,0.0,0.0,0.0
2018-05-30 10:42:39.159322,1023.0,0.0,0.0,0.0,0.0,0.0
2018-05-30 10:42:39.361161,1023.0,0.0,0.0,0.0,0.0,0.0
2018-05-30 10:42:39.562999,1023.0,0.0,0.0,0.0,0.0,0.0
2018-05-30 10:42:39.764838,1023.0,0.0,0.0,0.0,0.0,0.0
2018-05-30 10:42:39.965677,1023.0,0.0,0.0,0.0,0.0,0.0
2018-05-30 10:42:40.167515,1023.0,0.0,0.0,0.0,0.0,0.0
2018-05-30 10:42:40.369354,1023.0,0.0,0.0,0.0,0.0,0.0
2018-05-30 10:42:40.573190,1023.0,0.0,0.0,0.0,0.0,0.0
2018-05-30 10:42:40.775029,1023.0,0.0,0.0,0.0,0.0,0.0
2018-05-30 10:42:40.975868,1023.0,0.0,0.0,0.0,0.0,0.0
2018-05-30 10:42:41.178706,1023.0,0.0,0.0,0.0,0.0,0.0
2018-05-30 10:42:41.381543,1023.0,0.0,0.0,0.0,0.0,0.0
2018-05-30 10:42:41.596371,1023.0,0.0,0.0,0.0,0.0,0.0
2018-05-30 10:42:41.798210,1023.0,0.0,0.0,0.0,0.0,0.0
2018-05-30 10:42:41.999049,1023.0,0.0,0.0,0.0,0.0,0.0
2018-05-30 10:42:42.199888,1023.0,0.0,0.0,0.0,0.0,0.0
2018-05-30 10:42:42.401726,1023.0,0.0,0.0,0.0,0.0,0.0
2018-05-30 10:42:42.602566,1023.0,0.0,0.0,0.0,0.0,0.0
2018-05-30 10:42:42.804404,1023.0,0.0,0.0,0.0,0.0,0.0
2018-05-30 10:42:43.005243,1023.0,0.0,0.0,0.0,0.0,0.0
2018-05-30 10:42:43.206082,1023.0,0.0,0.0,0.0,0.0,0.0
2018-05-30 10:42:43.407921,1023.0,0.0,0.0,0.0,0.0,0.0
2018-05-30 10:42:43.610758,1023.0,0.0,0.0,0.0,0.0,0.0
2018-05-30 10:42:43.814595,1023.0,0.0,0.0,0.0,0.0,0.0
2018-05-30 10:42:44.018432,1023.0,0.0,0.0,0.0,0.0,0.0
2018-05-30 10:42:44.217273,1023.0,0.0,0.0,0.0,0.0,0.0
2018-05-30 10:42:44.420110,1023.0,0.0,0.0,0.0,0.0,0.0
2018-05-30 10:42:44.620950,1023.0,0.0,0.0,0.0,0.0,0.0
2018-05-30 10:42:44.822788,1023.0,0.0,0.0,0.0,0.0,0.0
2018-05-30 10:42:45.023627,1023.0,0.0,0.0,0.0,0.0,0.0
2018-05-30 10:42:45.224466,1023.0,0.0,0.0,0.0,0.0,0.0
2018-05-30 10:42:45.427304,1023.0,0.0,0.0,0.0,0.0,0.0
2018-05-30 10:42:45.628143,1023.0,0.0,0.0,0.0,0.0,0.0
2018-05-30 10:42:45.830981,1023.0,0.0,0.0,0.0,0.0,0.0
2018-05-30 10:42:46.032819,1023.0,0.0,0.0,0.0,0.0,0.0
2018-05-30 10:42:46.233658,1023.0,0.0,0.0,0.0,0.0,0.0
2018-05-30 10:42:46.435497,1023.0,0.0,0.0,0.0,0.0,0.0
2018-05-30 10:42:46.636336,1023.0,0.0,0.0,0.0,0.0,0.0
2018-05-30 10:42:46.838174,1023.0,0.0,0.0,0.0,0.0,0.0
2018-05-30 10:42:47.040013,1023.0,0.0,0.0,0.0,0.0,0.0
2018-05-30 10:42:47.240852,1023.0,0.0,0.0,0.0,0.0,0.0
2018-05-30 10:42:47.442690,1023.0,0.0,0.0,0.0,0.0,0.0
2018-05-30 10:42:47.643530,1023.0,0.0,0.0,0.0,0.0,0.0
2018-05-30 10:42:47.846367,1023.0,0.0,0.0,0.0,0.0,0.0
2018-05-30 10:42:48.049205,1023.0,0.0,0.0,0.0,0.0,0.0
2018-05-30 10:42:48.251043,1023.0,0.0,0.0,0.0,0.0,0.0
2018-05-30 10:42:48.453881,1023.0,0.0,0.0,0.0,0.0,0.0
2018-05-30 10:42:48.654720,1023.0,0.0,0.0,0.0,0.0,0.0
2018-05-30 10:42:48.856558,1023.0,0.0,0.0,0.0,0.0,0.0
2018-05-30 10:42:49.075383,1023.0,0.0,0.0,0.0,0.0,0.0
2018-05-30 10:42:49.276222,1023.0,0.0,0.0,0.0,0.0,0.0
2018-05-30 10:42:49.479060,1023.0,0.0,0.0,0.0,0.0,0.0
2018-05-30 10:42:49.679899,1023.0,0.0,0.0,0.0,0.0,0.0
2018-05-30 10:42:49.882737,1023.0,0.0,0.0,0.0,0.0,0.0
2018-05-30 10:42:50.083576,1023.0,0.0,0.0,0.0,0.0,0.0
2018-05-30 10:42:50.284415,1023.0,0.0,0.0,0.0,0.0,0.0
2018-05-30 10:42:50.486254,1023.0,0.0,0.0,0.0,0.0,0.0
2018-05-30 10:42:50.688092,1023.0,0.0,0.0,0.0,0.0,0.0
2018-05-30 10:42:50.889930,1023.0,0.0,0.0,0.0,0.0,0.0
2018-05-30 10:42:51.090770,1023.0,0.0,0.0,0.0,0.0,0.0
2018-05-30 10:42:51.291609,1023.0,0.0,0.0,0.0,0.0,0.0
2018-05-30 10:42:51.493447,1023.0,0.0,0.0,0.0,0.0,0.0
2018-05-30 10:42:51.704278,1023.0,0.0,0.0,0.0,0.0,0.0
2018-05-30 10:42:51.908115,1023.0,0.0,0.0,0.0,0.0,0.0
2018-05-30 10:42:52.107955,1023.0,0.0,0.0,0.0,0.0,0.0
2018-05-30 10:42:52.308794,1023.0,0.0,0.0,0.0,0.0,0.0
2018-05-30 10:42:52.510633,1023.0,0.0,0.0,0.0,0.0,0.0
2018-05-30 10:42:52.712471,1023.0,0.0,0.0,0.0,0.0,0.0
2018-05-30 10:42:52.916308,1023.0,0.0,0.0,0.0,0.0,0.0
2018-05-30 10:42:53.117147,1023.0,0.0,0.0,0.0,0.0,0.0
2018-05-30 10:42:53.331975,1023.0,0.0,0.0,0.0,0.0,0.0
2018-05-30 10:42:53.533814,1023.0,0.0,0.0,0.0,0.0,0.0
2018-05-30 10:42:53.734653,1023.0,0.0,0.0,0.0,0.0,0.0
2018-05-30 10:42:53.936491,1023.0,0.0,0.0,0.0,0.0,0.0
2018-05-30 10:42:54.137330,1023.0,0.0,0.0,0.0,0.0,0.0
2018-05-30 10:42:54.339169,1023.0,0.0,0.0,0.0,0.0,0.0
2018-05-30 10:42:54.541007,1023.0,0.0,0.0,0.0,0.0,0.0
2018-05-30 10:42:54.741846,1023.0,0.0,0.0,0.0,0.0,0.0
2018-05-30 10:42:54.944684,1023.0,0.0,0.0,0.0,0.0,0.0
2018-05-30 10:42:55.145523,1023.0,0.0,0.0,0.0,0.0,0.0
2018-05-30 10:42:55.346362,1023.0,0.0,0.0,0.0,0.0,0.0
2018-05-30 10:42:55.549200,1023.0,0.0,0.0,0.0,0.0,0.0
2018-05-30 10:42:55.750039,1023.0,0.0,0.0,0.0,0.0,0.0
2018-05-30 10:42:55.951878,1023.0,0.0,0.0,0.0,0.0,0.0
2018-05-30 10:42:56.152717,1023.0,0.0,0.0,0.0,0.0,0.0
2018-05-30 10:42:56.353556,1023.0,0.0,0.0,0.0,0.0,0.0
2018-05-30 10:42:56.555394,1023.0,0.0,0.0,0.0,0.0,0.0
2018-05-30 10:42:56.756234,1023.0,0.0,0.0,0.0,0.0,0.0
2018-05-30 10:42:56.959071,1023.0,0.0,0.0,0.0,0.0,0.0
2018-05-30 10:42:57.159910,1023.0,0.0,0.0,0.0,0.0,0.0
2018-05-30 10:42:57.360750,1023.0,0.0,0.0,0.0,0.0,0.0
2018-05-30 10:42:57.563587,1023.0,0.0,0.0,0.0,0.0,0.0
2018-05-30 10:42:57.764426,1023.0,0.0,0.0,0.0,0.0,0.0
2018-05-30 10:42:57.967264,1023.0,0.0,0.0,0.0,0.0,0.0
2018-05-30 10:42:58.171101,1023.0,0.0,0.0,0.0,0.0,0.0
2018-05-30 10:42:58.371940,1023.0,0.0,0.0,0.0,0.0,0.0
2018-05-30 10:42:58.573778,1023.0,0.0,0.0,0.0,0.0,0.0
2018-05-30 10:42:58.774618,1023.0,0.0,0.0,0.0,0.0,0.0
2018-05-30 10:42:58.978454,1023.0,0.0,0.0,0.0,0.0,0.0
2018-05-30 10:42:59.180293,1023.0,0.0,0.0,0.0,0.0,0.0
2018-05-30 10:42:59.382131,1023.0,0.0,0.0,0.0,0.0,0.0
2018-05-30 10:42:59.584969,1023.0,0.0,0.0,0.0,0.0,0.0
2018-05-30 10:42:59.785808,1023.0,0.0,0.0,0.0,0.0,0.0
2018-05-30 10:42:59.987646,1023.0,0.0,0.0,0.0,0.0,0.0
2018-05-30 10:43:00.188486,1023.0,0.0,0.0,0.0,0.0,0.0
2018-05-30 10:43:00.390324,1023.0,0.0,0.0,0.0,0.0,0.0
2018-05-30 10:43:00.592162,1023.0,0.0,0.0,0.0,0.0,0.0
2018-05-30 10:43:00.793002,1023.0,0.0,0.0,0.0,0.0,0.0
2018-05-30 10:43:00.994840,1023.0,0.0,0.0,0.0,0.0,0.0
2018-05-30 10:43:01.195679,1023.0,0.0,0.0,0.0,0.0,0.0
2018-05-30 10:43:01.396518,1023.0,0.0,0.0,0.0,0.0,0.0
2018-05-30 10:43:01.605351,1023.0,0.0,0.0,0.0,0.0,0.0
2018-05-30 10:43:01.811186,1023.0,0.0,0.0,0.0,0.0,0.0
2018-05-30 10:43:02.014024,1023.0,0.0,0.0,0.0,0.0,0.0
2018-05-30 10:43:02.215862,1023.0,0.0,0.0,0.0,0.0,0.0
2018-05-30 10:43:02.416702,1023.0,0.0,0.0,0.0,0.0,0.0
2018-05-30 10:43:02.618540,1023.0,0.0,0.0,0.0,0.0,0.0
2018-05-30 10:43:02.819379,1023.0,0.0,0.0,0.0,0.0,0.0
2018-05-30 10:43:03.024215,1023.0,0.0,0.0,0.0,0.0,0.0
2018-05-30 10:43:03.226054,1023.0,0.0,0.0,0.0,0.0,0.0
2018-05-30 10:43:03.426893,1023.0,0.0,0.0,0.0,0.0,0.0
2018-05-30 10:43:03.628731,1023.0,0.0,0.0,0.0,0.0,0.0
2018-05-30 10:43:03.829570,1023.0,0.0,0.0,0.0,0.0,0.0
2018-05-30 10:43:04.031409,1023.0,0.0,0.0,0.0,0.0,0.0
2018-05-30 10:43:04.232248,1023.0,0.0,0.0,0.0,0.0,0.0
2018-05-30 10:43:04.433087,1023.0,0.0,0.0,0.0,0.0,0.0
2018-05-30 10:43:04.636924,1023.0,0.0,0.0,0.0,0.0,0.0
2018-05-30 10:43:04.836764,1023.0,0.0,0.0,0.0,0.0,0.0
2018-05-30 10:43:05.039602,1023.0,0.0,0.0,0.0,0.0,0.0
2018-05-30 10:43:05.240441,1023.0,0.0,0.0,0.0,0.0,0.0
2018-05-30 10:43:05.441280,1023.0,0.0,0.0,0.0,0.0,0.0
2018-05-30 10:43:05.643118,1023.0,0.0,0.0,0.0,0.0,0.0
2018-05-30 10:43:05.843958,1023.0,0.0,0.0,0.0,0.0,0.0
2018-05-30 10:43:06.045796,1023.0,0.0,0.0,0.0,0.0,0.0
2018-05-30 10:43:06.246635,1023.0,0.0,0.0,0.0,0.0,0.0
2018-05-30 10:43:06.447474,1023.0,0.0,0.0,0.0,0.0,0.0
2018-05-30 10:43:06.649313,1023.0,0.0,0.0,0.0,0.0,0.0
2018-05-30 10:43:06.850152,1023.0,0.0,0.0,0.0,0.0,0.0
2018-05-30 10:43:07.051990,1023.0,0.0,0.0,0.0,0.0,0.0
2018-05-30 10:43:07.252830,1023.0,0.0,0.0,0.0,0.0,0.0
2018-05-30 10:43:07.453669,1023.0,0.0,0.0,0.0,0.0,0.0
2018-05-30 10:43:07.655507,1023.0,0.0,0.0,0.0,0.0,0.0
2018-05-30 10:43:07.856346,1023.0,0.0,0.0,0.0,0.0,0.0
2018-05-30 10:43:08.057186,1023.0,0.0,0.0,0.0,0.0,0.0
2018-05-30 10:43:08.259024,1023.0,0.0,0.0,0.0,0.0,0.0
2018-05-30 10:43:08.459863,1023.0,0.0,0.0,0.0,0.0,0.0
2018-05-30 10:43:08.662701,1023.0,0.0,0.0,0.0,0.0,0.0
2018-05-30 10:43:08.864539,1023.0,0.0,0.0,0.0,0.0,0.0
2018-05-30 10:43:09.065378,1023.0,0.0,0.0,0.0,0.0,0.0
2018-05-30 10:43:09.267217,1023.0,0.0,0.0,0.0,0.0,0.0
2018-05-30 10:43:09.468056,1023.0,0.0,0.0,0.0,0.0,0.0
2018-05-30 10:43:09.669894,1023.0,0.0,0.0,0.0,0.0,0.0
2018-05-30 10:43:09.871733,1023.0,0.0,0.0,0.0,0.0,0.0
2018-05-30 10:43:10.072572,1023.0,0.0,0.0,0.0,0.0,0.0
2018-05-30 10:43:10.283403,1023.0,0.0,0.0,0.0,0.0,0.0
2018-05-30 10:43:10.484242,1023.0,0.0,0.0,0.0,0.0,0.0
2018-05-30 10:43:10.686081,1023.0,0.0,0.0,0.0,0.0,0.0
2018-05-30 10:43:10.886920,1023.0,0.0,0.0,0.0,0.0,0.0
2018-05-30 10:43:11.087759,1023.0,0.0,0.0,0.0,0.0,0.0
2018-05-30 10:43:11.290597,1023.0,0.0,0.0,0.0,0.0,0.0
2018-05-30 10:43:11.491436,1023.0,0.0,0.0,0.0,0.0,0.0
2018-05-30 10:43:11.698270,1023.0,0.0,0.0,0.0,0.0,0.0
2018-05-30 10:43:11.899110,1023.0,0.0,0.0,0.0,0.0,0.0
2018-05-30 10:43:12.099949,1023.0,0.0,0.0,0.0,0.0,0.0
2018-05-30 10:43:12.301787,1023.0,0.0,0.0,0.0,0.0,0.0
2018-05-30 10:43:12.502626,1023.0,0.0,0.0,0.0,0.0,0.0
2018-05-30 10:43:12.704465,1023.0,0.0,0.0,0.0,0.0,0.0
2018-05-30 10:43:12.905304,1023.0,0.0,0.0,0.0,0.0,0.0
2018-05-30 10:43:13.107142,1023.0,0.0,0.0,0.0,0.0,0.0
2018-05-30 10:43:13.308981,1023.0,0.0,0.0,0.0,0.0,0.0
2018-05-30 10:43:13.510819,1023.0,0.0,0.0,0.0,0.0,0.0
2018-05-30 10:43:13.712658,1023.0,0.0,0.0,0.0,0.0,0.0
2018-05-30 10:43:13.913497,1023.0,0.0,0.0,0.0,0.0,0.0
2018-05-30 10:43:14.114336,1023.0,0.0,0.0,0.0,0.0,0.0
2018-05-30 10:43:14.316174,1023.0,0.0,0.0,0.0,0.0,0.0
2018-05-30 10:43:14.519012,1023.0,0.0,0.0,0.0,0.0,0.0
2018-05-30 10:43:14.722849,1023.0,0.0,0.0,0.0,0.0,0.0
2018-05-30 10:43:14.922689,1023.0,0.0,0.0,0.0,0.0,0.0
2018-05-30 10:43:15.123528,1023.0,0.0,0.0,0.0,0.0,0.0
2018-05-30 10:43:15.326366,1023.0,0.0,0.0,0.0,0.0,0.0
2018-05-30 10:43:15.528204,1023.0,0.0,0.0,0.0,0.0,0.0
2018-05-30 10:43:15.729043,1023.0,0.0,0.0,0.0,0.0,0.0
2018-05-30 10:43:15.929882,1023.0,0.0,0.0,0.0,0.0,0.0
2018-05-30 10:43:16.130722,1023.0,0.0,0.0,0.0,0.0,0.0
2018-05-30 10:43:16.334558,1023.0,0.0,0.0,0.0,0.0,0.0
2018-05-30 10:43:16.535398,1023.0,0.0,0.0,0.0,0.0,0.0
2018-05-30 10:43:16.737236,1023.0,0.0,0.0,0.0,0.0,0.0
2018-05-30 10:43:16.938075,1023.0,0.0,0.0,0.0,0.0,0.0
2018-05-30 10:43:17.138914,1023.0,0.0,0.0,0.0,0.0,0.0
2018-05-30 10:43:17.340753,1023.0,0.0,0.0,0.0,0.0,0.0
2018-05-30 10:43:17.542591,1023.0,0.0,0.0,0.0,0.0,0.0
2018-05-30 10:43:17.745429,1023.0,0.0,0.0,0.0,0.0,0.0
2018-05-30 10:43:17.947267,1023.0,0.0,0.0,0.0,0.0,0.0
2018-05-30 10:43:18.148106,1023.0,0.0,0.0,0.0,0.0,0.0
2018-05-30 10:43:18.349945,1023.0,0.0,0.0,0.0,0.0,0.0
2018-05-30 10:43:18.550784,1023.0,0.0,0.0,0.0,0.0,0.0
2018-05-30 10:43:18.754621,1023.0,0.0,0.0,0.0,0.0,0.0
2018-05-30 10:43:18.955460,1023.0,0.0,0.0,0.0,0.0,0.0
2018-05-30 10:43:19.156299,1023.0,0.0,0.0,0.0,0.0,0.0
2018-05-30 10:43:19.358138,1023.0,0.0,0.0,0.0,0.0,0.0
2018-05-30 10:43:19.558977,1023.0,0.0,0.0,0.0,0.0,0.0
2018-05-30 10:43:19.760815,1023.0,0.0,0.0,0.0,0.0,0.0
2018-05-30 10:43:19.961654,1023.0,0.0,0.0,0.0,0.0,0.0
2018-05-30 10:43:20.163493,1023.0,0.0,0.0,0.0,0.0,0.0
2018-05-30 10:43:20.365331,1023.0,0.0,0.0,0.0,0.0,0.0
2018-05-30 10:43:20.566170,1023.0,0.0,0.0,0.0,0.0,0.0
2018-05-30 10:43:20.768009,1023.0,0.0,0.0,0.0,0.0,0.0
2018-05-30 10:43:20.968848,1023.0,0.0,0.0,0.0,0.0,0.0
2018-05-30 10:43:21.169687,1023.0,0.0,0.0,0.0,0.0,0.0
2018-05-30 10:43:21.372525,1023.0,0.0,0.0,0.0,0.0,0.0
2018-05-30 10:43:21.586354,1023.0,0.0,0.0,0.0,0.0,0.0
2018-05-30 10:43:21.789191,1023.0,0.0,0.0,0.0,0.0,0.0
2018-05-30 10:43:21.990030,1023.0,0.0,0.0,0.0,0.0,0.0
2018-05-30 10:43:22.190870,1023.0,0.0,0.0,0.0,0.0,0.0
2018-05-30 10:43:22.392708,1023.0,0.0,0.0,0.0,0.0,0.0
2018-05-30 10:43:22.593547,1023.0,0.0,0.0,0.0,0.0,0.0
2018-05-30 10:43:22.796385,1023.0,0.0,0.0,0.0,0.0,0.0
2018-05-30 10:43:22.997224,1023.0,0.0,0.0,0.0,0.0,0.0
2018-05-30 10:43:23.198063,1023.0,0.0,0.0,0.0,0.0,0.0
2018-05-30 10:43:23.399902,1023.0,0.0,0.0,0.0,0.0,0.0
2018-05-30 10:43:23.600741,1023.0,0.0,0.0,0.0,0.0,0.0
2018-05-30 10:43:23.802579,1023.0,0.0,0.0,0.0,0.0,0.0
2018-05-30 10:43:24.003418,1023.0,0.0,0.0,0.0,0.0,0.0
2018-05-30 10:43:24.205257,1023.0,0.0,0.0,0.0,0.0,0.0
2018-05-30 10:43:24.407095,1023.0,0.0,0.0,0.0,0.0,0.0
2018-05-30 10:43:24.607934,1023.0,0.0,0.0,0.0,0.0,0.0
2018-05-30 10:43:24.810772,1023.0,0.0,0.0,0.0,0.0,0.0
2018-05-30 10:43:25.010612,1023.0,0.0,0.0,0.0,0.0,0.0
2018-05-30 10:43:25.211451,1023.0,0.0,0.0,0.0,0.0,0.0
2018-05-30 10:43:25.414289,1023.0,0.0,0.0,0.0,0.0,0.0
2018-05-30 10:43:25.615128,1023.0,0.0,0.0,0.0,0.0,0.0
2018-05-30 10:43:25.817966,1023.0,0.0,0.0,0.0,0.0,0.0
2018-05-30 10:43:26.018805,1023.0,0.0,0.0,0.0,0.0,0.0
2018-05-30 10:43:26.219644,1023.0,0.0,0.0,0.0,0.0,0.0
2018-05-30 10:43:26.421482,1023.0,0.0,0.0,0.0,0.0,0.0
2018-05-30 10:43:26.622322,1023.0,0.0,0.0,0.0,0.0,0.0
2018-05-30 10:43:26.825159,1023.0,0.0,0.0,0.0,0.0,0.0
2018-05-30 10:43:27.024999,1023.0,0.0,0.0,0.0,0.0,0.0
2018-05-30 10:43:27.227837,1023.0,0.0,0.0,0.0,0.0,0.0
2018-05-30 10:43:27.429675,1023.0,0.0,0.0,0.0,0.0,0.0
2018-05-30 10:43:27.641506,1023.0,0.0,0.0,0.0,0.0,0.0
2018-05-30 10:43:27.850338,1023.0,0.0,0.0,0.0,0.0,0.0
2018-05-30 10:43:28.051178,1023.0,0.0,0.0,0.0,0.0,0.0
2018-05-30 10:43:28.252017,1023.0,0.0,0.0,0.0,0.0,0.0
2018-05-30 10:43:28.454854,1023.0,0.0,0.0,0.0,0.0,0.0
2018-05-30 10:43:28.655694,1023.0,0.0,0.0,0.0,0.0,0.0
2018-05-30 10:43:28.857532,1023.0,0.0,0.0,0.0,0.0,0.0
2018-05-30 10:43:29.058371,1023.0,0.0,0.0,0.0,0.0,0.0
2018-05-30 10:43:29.259210,1023.0,0.0,0.0,0.0,0.0,0.0
2018-05-30 10:43:29.462048,1023.0,0.0,0.0,0.0,0.0,0.0
2018-05-30 10:43:29.662887,1023.0,0.0,0.0,0.0,0.0,0.0
2018-05-30 10:43:29.864726,1023.0,0.0,0.0,0.0,0.0,0.0
2018-05-30 10:43:30.065565,1023.0,0.0,0.0,0.0,0.0,0.0
2018-05-30 10:43:30.266404,1023.0,0.0,0.0,0.0,0.0,0.0
2018-05-30 10:43:30.468242,1023.0,0.0,0.0,0.0,0.0,0.0
2018-05-30 10:43:30.669082,1023.0,0.0,0.0,0.0,0.0,0.0
2018-05-30 10:43:30.871919,1023.0,0.0,0.0,0.0,0.0,0.0
2018-05-30 10:43:31.072758,1023.0,0.0,0.0,0.0,0.0,0.0
2018-05-30 10:43:31.273598,1023.0,0.0,0.0,0.0,0.0,0.0
2018-05-30 10:43:31.475436,1023.0,0.0,0.0,0.0,0.0,0.0
2018-05-30 10:43:31.676275,1023.0,0.0,0.0,0.0,0.0,0.0
2018-05-30 10:43:31.879113,1023.0,0.0,0.0,0.0,0.0,0.0
2018-05-30 10:43:32.079952,1023.0,0.0,0.0,0.0,0.0,0.0
2018-05-30 10:43:32.280791,1023.0,0.0,0.0,0.0,0.0,0.0
2018-05-30 10:43:32.482630,1023.0,0.0,0.0,0.0,0.0,0.0
2018-05-30 10:43:32.683469,1023.0,0.0,0.0,0.0,0.0,0.0
2018-05-30 10:43:32.884308,1023.0,0.0,0.0,0.0,0.0,0.0
2018-05-30 10:43:33.087146,1023.0,0.0,0.0,0.0,0.0,0.0
2018-05-30 10:43:33.287985,1023.0,0.0,0.0,0.0,0.0,0.0
2018-05-30 10:43:33.489823,1023.0,0.0,0.0,0.0,0.0,0.0
2018-05-30 10:43:33.690662,1023.0,0.0,0.0,0.0,0.0,0.0
2018-05-30 10:43:33.891502,1023.0,0.0,0.0,0.0,0.0,0.0
2018-05-30 10:43:34.093340,1023.0,0.0,0.0,0.0,0.0,0.0
2018-05-30 10:43:34.296178,1023.0,0.0,0.0,0.0,0.0,0.0
2018-05-30 10:43:34.498016,1023.0,0.0,0.0,0.0,0.0,0.0
2018-05-30 10:43:34.698855,1023.0,0.0,0.0,0.0,0.0,0.0
2018-05-30 10:43:34.901693,1023.0,0.0,0.0,0.0,0.0,0.0
2018-05-30 10:43:35.104530,1023.0,0.0,0.0,0.0,0.0,0.0
2018-05-30 10:43:35.307368,1023.0,0.0,0.0,0.0,0.0,0.0
2018-05-30 10:43:35.509206,1023.0,0.0,0.0,0.0,0.0,0.0
2018-05-30 10:43:35.710046,1023.0,0.0,0.0,0.0,0.0,0.0
2018-05-30 10:43:35.910885,1023.0,0.0,0.0,0.0,0.0,0.0
2018-05-30 10:43:36.112723,1023.0,0.0,0.0,0.0,0.0,0.0
2018-05-30 10:43:36.313562,1023.0,0.0,0.0,0.0,0.0,0.0
2018-05-30 10:43:36.516400,1023.0,0.0,0.0,0.0,0.0,0.0
2018-05-30 10:43:36.717239,1023.0,0.0,0.0,0.0,0.0,0.0
2018-05-30 10:43:36.918078,1023.0,0.0,0.0,0.0,0.0,0.0
2018-05-30 10:43:37.121915,1023.0,0.0,0.0,0.0,0.0,0.0
2018-05-30 10:43:37.322754,1023.0,0.0,0.0,0.0,0.0,0.0
2018-05-30 10:43:37.524593,1023.0,0.0,0.0,0.0,0.0,0.0
2018-05-30 10:43:37.733426,1023.0,0.0,0.0,0.0,0.0,0.0
2018-05-30 10:43:37.934265,1023.0,0.0,0.0,0.0,0.0,0.0
2018-05-30 10:43:38.138102,1023.0,0.0,0.0,0.0,0.0,0.0
2018-05-30 10:43:38.338941,1023.0,0.0,0.0,0.0,0.0,0.0
2018-05-30 10:43:38.540779,1023.0,0.0,0.0,0.0,0.0,0.0
2018-05-30 10:43:38.741618,1023.0,0.0,0.0,0.0,0.0,0.0
2018-05-30 10:43:38.943457,1023.0,0.0,0.0,0.0,0.0,0.0
2018-05-30 10:43:39.147294,1023.0,0.0,0.0,0.0,0.0,0.0
2018-05-30 10:43:39.348133,1023.0,0.0,0.0,0.0,0.0,0.0
2018-05-30 10:43:39.550970,1023.0,0.0,0.0,0.0,0.0,0.0
2018-05-30 10:43:39.751810,1023.0,0.0,0.0,0.0,0.0,0.0
2018-05-30 10:43:39.952649,1023.0,0.0,0.0,0.0,0.0,0.0
2018-05-30 10:43:40.155486,1023.0,0.0,0.0,0.0,0.0,0.0
2018-05-30 10:43:40.356326,1023.0,0.0,0.0,0.0,0.0,0.0
2018-05-30 10:43:40.558164,1023.0,0.0,0.0,0.0,0.0,0.0
2018-05-30 10:43:40.759003,1023.0,0.0,0.0,0.0,0.0,0.0
2018-05-30 10:43:40.959842,1023.0,0.0,0.0,0.0,0.0,0.0
2018-05-30 10:43:41.161681,1023.0,0.0,0.0,0.0,0.0,0.0
2018-05-30 10:43:41.362520,1023.0,0.0,0.0,0.0,0.0,0.0
2018-05-30 10:43:41.571353,1023.0,0.0,0.0,0.0,0.0,0.0
2018-05-30 10:43:41.772192,1023.0,0.0,0.0,0.0,0.0,0.0
2018-05-30 10:43:41.973031,1023.0,0.0,0.0,0.0,0.0,0.0
2018-05-30 10:43:42.174870,1023.0,0.0,0.0,0.0,0.0,0.0
2018-05-30 10:43:42.375709,1023.0,0.0,0.0,0.0,0.0,0.0
2018-05-30 10:43:42.578546,1023.0,0.0,0.0,0.0,0.0,0.0
2018-05-30 10:43:42.779386,1023.0,0.0,0.0,0.0,0.0,0.0
2018-05-30 10:43:42.980225,1023.0,0.0,0.0,0.0,0.0,0.0
2018-05-30 10:43:43.183062,1023.0,0.0,0.0,0.0,0.0,0.0
2018-05-30 10:43:43.383902,1023.0,0.0,0.0,0.0,0.0,0.0
2018-05-30 10:43:43.587738,1023.0,0.0,0.0,0.0,0.0,0.0
2018-05-30 10:43:43.788578,1023.0,0.0,0.0,0.0,0.0,0.0
2018-05-30 10:43:43.989417,1023.0,0.0,0.0,0.0,0.0,0.0
2018-05-30 10:43:44.193254,1023.0,0.0,0.0,0.0,0.0,0.0
2018-05-30 10:43:44.394093,1023.0,0.0,0.0,0.0,0.0,0.0
2018-05-30 10:43:44.596930,1023.0,0.0,0.0,0.0,0.0,0.0
2018-05-30 10:43:44.797770,1023.0,0.0,0.0,0.0,0.0,0.0
2018-05-30 10:43:44.998609,1023.0,0.0,0.0,0.0,0.0,0.0
2018-05-30 10:43:45.201446,1023.0,0.0,0.0,0.0,0.0,0.0
2018-05-30 10:43:45.404284,1023.0,0.0,0.0,0.0,0.0,0.0
2018-05-30 10:43:45.608121,1023.0,0.0,0.0,0.0,0.0,0.0
2018-05-30 10:43:45.808960,1023.0,0.0,0.0,0.0,0.0,0.0
2018-05-30 10:43:46.009799,1023.0,0.0,0.0,0.0,0.0,0.0
2018-05-30 10:43:46.211638,1023.0,0.0,0.0,0.0,0.0,0.0
2018-05-30 10:43:46.412477,1023.0,0.0,0.0,0.0,0.0,0.0
2018-05-30 10:43:46.614315,1023.0,0.0,0.0,0.0,0.0,0.0
2018-05-30 10:43:46.815154,1023.0,0.0,0.0,0.0,0.0,0.0
2018-05-30 10:43:47.015994,1023.0,0.0,0.0,0.0,0.0,0.0
2018-05-30 10:43:47.218831,1023.0,0.0,0.0,0.0,0.0,0.0
2018-05-30 10:43:47.419670,1023.0,0.0,0.0,0.0,0.0,0.0
2018-05-30 10:43:47.622508,1023.0,0.0,0.0,0.0,0.0,0.0
2018-05-30 10:43:47.823347,1023.0,0.0,0.0,0.0,0.0,0.0
2018-05-30 10:43:48.024186,1023.0,0.0,0.0,0.0,0.0,0.0
2018-05-30 10:43:48.226025,1023.0,0.0,0.0,0.0,0.0,0.0
2018-05-30 10:43:48.426864,1023.0,0.0,0.0,0.0,0.0,0.0
2018-05-30 10:43:48.629702,1023.0,0.0,0.0,0.0,0.0,0.0
2018-05-30 10:43:48.832539,1023.0,0.0,0.0,0.0,0.0,0.0
2018-05-30 10:43:49.032379,1023.0,0.0,0.0,0.0,0.0,0.0
2018-05-30 10:43:49.234218,1023.0,0.0,0.0,0.0,0.0,0.0
2018-05-30 10:43:49.435057,1023.0,0.0,0.0,0.0,0.0,0.0
2018-05-30 10:43:49.637894,1023.0,0.0,0.0,0.0,0.0,0.0
2018-05-30 10:43:49.838734,1023.0,0.0,0.0,0.0,0.0,0.0
2018-05-30 10:43:50.039573,1023.0,0.0,0.0,0.0,0.0,0.0
2018-05-30 10:43:50.241411,1023.0,0.0,0.0,0.0,0.0,0.0
2018-05-30 10:43:50.442250,1023.0,0.0,0.0,0.0,0.0,0.0
2018-05-30 10:43:50.644089,1023.0,0.0,0.0,0.0,0.0,0.0
2018-05-30 10:43:50.845927,1023.0,0.0,0.0,0.0,0.0,0.0
2018-05-30 10:43:51.046766,1023.0,0.0,0.0,0.0,0.0,0.0
2018-05-30 10:43:51.248605,1023.0,0.0,0.0,0.0,0.0,0.0
2018-05-30 10:43:51.449444,1023.0,0.0,0.0,0.0,0.0,0.0
2018-05-30 10:43:51.660275,1023.0,0.0,0.0,0.0,0.0,0.0
2018-05-30 10:43:51.861114,1023.0,0.0,0.0,0.0,0.0,0.0
2018-05-30 10:43:52.061954,1023.0,0.0,0.0,0.0,0.0,0.0
2018-05-30 10:43:52.263792,1023.0,0.0,0.0,0.0,0.0,0.0
2018-05-30 10:43:52.464631,1023.0,0.0,0.0,0.0,0.0,0.0
2018-05-30 10:43:52.667469,1023.0,0.0,0.0,0.0,0.0,0.0
2018-05-30 10:43:52.868308,1023.0,0.0,0.0,0.0,0.0,0.0
2018-05-30 10:43:53.070146,1023.0,0.0,0.0,0.0,0.0,0.0
2018-05-30 10:43:53.366909,1023.0,0.0,0.0,0.0,0.0,0.0
2018-05-30 10:43:53.599722,1023.0,0.0,0.0,0.0,0.0,0.0
2018-05-30 10:43:53.802560,1023.0,0.0,0.0,0.0,0.0,0.0
2018-05-30 10:43:54.012392,1023.0,0.0,0.0,0.0,0.0,0.0
2018-05-30 10:43:54.230218,1023.0,0.0,0.0,0.0,0.0,0.0
2018-05-30 10:43:54.431057,1023.0,0.0,0.0,0.0,0.0,0.0
2018-05-30 10:43:54.631896,1023.0,0.0,0.0,0.0,0.0,0.0
2018-05-30 10:43:54.834734,1023.0,0.0,0.0,0.0,0.0,0.0
2018-05-30 10:43:55.035573,1023.0,0.0,0.0,0.0,0.0,0.0
2018-05-30 10:43:55.237411,1023.0,0.0,0.0,0.0,0.0,0.0
2018-05-30 10:43:55.438250,1023.0,0.0,0.0,0.0,0.0,0.0
2018-05-30 10:43:55.639090,1023.0,0.0,0.0,0.0,0.0,0.0
2018-05-30 10:43:55.840928,1023.0,0.0,0.0,0.0,0.0,0.0
2018-05-30 10:43:56.042766,1023.0,0.0,0.0,0.0,0.0,0.0
2018-05-30 10:43:56.246603,1023.0,0.0,0.0,0.0,0.0,0.0
2018-05-30 10:43:56.447442,1023.0,0.0,0.0,0.0,0.0,0.0
2018-05-30 10:43:56.649281,1023.0,0.0,0.0,0.0,0.0,0.0
2018-05-30 10:43:56.852118,1023.0,0.0,0.0,0.0,0.0,0.0
2018-05-30 10:43:57.056954,1023.0,0.0,0.0,0.0,0.0,0.0
2018-05-30 10:43:57.258793,1023.0,0.0,0.0,0.0,0.0,0.0
2018-05-30 10:43:57.459632,1023.0,0.0,0.0,0.0,0.0,0.0
2018-05-30 10:43:57.661470,1023.0,0.0,0.0,0.0,0.0,0.0
2018-05-30 10:43:57.863309,1023.0,0.0,0.0,0.0,0.0,0.0
2018-05-30 10:43:58.064148,1023.0,0.0,0.0,0.0,0.0,0.0
2018-05-30 10:43:58.265986,1023.0,0.0,0.0,0.0,0.0,0.0
2018-05-30 10:43:58.466826,1023.0,0.0,0.0,0.0,0.0,0.0
2018-05-30 10:43:58.668664,1023.0,0.0,0.0,0.0,0.0,0.0
2018-05-30 10:43:58.872501,1023.0,0.0,0.0,0.0,0.0,0.0
2018-05-30 10:43:59.073340,1023.0,0.0,0.0,0.0,0.0,0.0
2018-05-30 10:43:59.274179,1023.0,0.0,0.0,0.0,0.0,0.0
2018-05-30 10:43:59.476018,1023.0,0.0,0.0,0.0,0.0,0.0
2018-05-30 10:43:59.675858,1023.0,0.0,0.0,0.0,0.0,0.0
2018-05-30 10:43:59.877696,1023.0,0.0,0.0,0.0,0.0,0.0
2018-05-30 10:44:00.078535,1023.0,0.0,0.0,0.0,0.0,0.0
2018-05-30 10:44:00.280374,1023.0,0.0,0.0,0.0,0.0,0.0
2018-05-30 10:44:00.482212,1023.0,0.0,0.0,0.0,0.0,0.0
2018-05-30 10:44:00.683051,1023.0,0.0,0.0,0.0,0.0,0.0
2018-05-30 10:44:00.885889,1023.0,0.0,0.0,0.0,0.0,0.0
2018-05-30 10:44:01.086728,1023.0,0.0,0.0,0.0,0.0,0.0
2018-05-30 10:44:01.289566,1023.0,0.0,0.0,0.0,0.0,0.0
2018-05-30 10:44:01.491404,1023.0,0.0,0.0,0.0,0.0,0.0
2018-05-30 10:44:01.705233,1023.0,0.0,0.0,0.0,0.0,0.0
2018-05-30 10:44:01.907071,1023.0,0.0,0.0,0.0,0.0,0.0
2018-05-30 10:44:02.107910,1023.0,0.0,0.0,0.0,0.0,0.0
2018-05-30 10:44:02.309749,1023.0,0.0,0.0,0.0,0.0,0.0
2018-05-30 10:44:02.510588,1023.0,0.0,0.0,0.0,0.0,0.0
2018-05-30 10:44:02.713426,1023.0,0.0,0.0,0.0,0.0,0.0
2018-05-30 10:44:02.914265,1023.0,0.0,0.0,0.0,0.0,0.0
2018-05-30 10:44:03.118102,1023.0,0.0,0.0,0.0,0.0,0.0
2018-05-30 10:44:03.320939,1023.0,0.0,0.0,0.0,0.0,0.0
2018-05-30 10:44:03.521778,1023.0,0.0,0.0,0.0,0.0,0.0
2018-05-30 10:44:03.722618,1023.0,0.0,0.0,0.0,0.0,0.0
2018-05-30 10:44:03.925455,1023.0,0.0,0.0,0.0,0.0,0.0
2018-05-30 10:44:04.126294,1023.0,0.0,0.0,0.0,0.0,0.0
2018-05-30 10:44:04.328133,1023.0,0.0,0.0,0.0,0.0,0.0
2018-05-30 10:44:04.528972,1023.0,0.0,0.0,0.0,0.0,0.0
2018-05-30 10:44:04.729811,1023.0,0.0,0.0,0.0,0.0,0.0
2018-05-30 10:44:04.931650,1023.0,0.0,0.0,0.0,0.0,0.0
2018-05-30 10:44:05.132489,1023.0,0.0,0.0,0.0,0.0,0.0
2018-05-30 10:44:05.335326,1023.0,0.0,0.0,0.0,0.0,0.0
2018-05-30 10:44:05.538164,1023.0,0.0,0.0,0.0,0.0,0.0
2018-05-30 10:44:05.739003,1023.0,0.0,0.0,0.0,0.0,0.0
2018-05-30 10:44:05.940842,1023.0,0.0,0.0,0.0,0.0,0.0
2018-05-30 10:44:06.141681,1023.0,0.0,0.0,0.0,0.0,0.0
2018-05-30 10:44:06.345518,1023.0,0.0,0.0,0.0,0.0,0.0
2018-05-30 10:44:06.546357,1023.0,0.0,0.0,0.0,0.0,0.0
2018-05-30 10:44:06.747196,1023.0,0.0,0.0,0.0,0.0,0.0
2018-05-30 10:44:06.949034,1023.0,0.0,0.0,0.0,0.0,0.0
2018-05-30 10:44:07.149874,1023.0,0.0,0.0,0.0,0.0,0.0
2018-05-30 10:44:07.351712,1023.0,0.0,0.0,0.0,0.0,0.0
2018-05-30 10:44:07.553550,1023.0,0.0,0.0,0.0,0.0,0.0
2018-05-30 10:44:07.754390,1023.0,0.0,0.0,0.0,0.0,0.0
2018-05-30 10:44:07.957227,1023.0,0.0,0.0,0.0,0.0,0.0
2018-05-30 10:44:08.158066,1023.0,0.0,0.0,0.0,0.0,0.0
2018-05-30 10:44:08.361903,1023.0,0.0,0.0,0.0,0.0,0.0
2018-05-30 10:44:08.562742,1023.0,0.0,0.0,0.0,0.0,0.0
2018-05-30 10:44:08.763582,1023.0,0.0,0.0,0.0,0.0,0.0
2018-05-30 10:44:08.966419,1023.0,0.0,0.0,0.0,0.0,0.0
2018-05-30 10:44:09.166259,1023.0,0.0,0.0,0.0,0.0,0.0
2018-05-30 10:44:09.368098,1023.0,0.0,0.0,0.0,0.0,0.0
2018-05-30 10:44:09.570935,1023.0,0.0,0.0,0.0,0.0,0.0
2018-05-30 10:44:09.773773,1023.0,0.0,0.0,0.0,0.0,0.0
2018-05-30 10:44:09.975611,1023.0,0.0,0.0,0.0,0.0,0.0
2018-05-30 10:44:10.176450,1023.0,0.0,0.0,0.0,0.0,0.0
2018-05-30 10:44:10.379288,1023.0,0.0,0.0,0.0,0.0,0.0
2018-05-30 10:44:10.582126,1023.0,0.0,0.0,0.0,0.0,0.0
2018-05-30 10:44:10.782965,1023.0,0.0,0.0,0.0,0.0,0.0
2018-05-30 10:44:10.984803,1023.0,0.0,0.0,0.0,0.0,0.0
2018-05-30 10:44:11.185642,1023.0,0.0,0.0,0.0,0.0,0.0
2018-05-30 10:44:11.386482,1023.0,0.0,0.0,0.0,0.0,0.0
2018-05-30 10:44:11.590318,1023.0,0.0,0.0,0.0,0.0,0.0
2018-05-30 10:44:11.791158,1023.0,0.0,0.0,0.0,0.0,0.0
2018-05-30 10:44:11.992996,1023.0,0.0,0.0,0.0,0.0,0.0
2018-05-30 10:44:12.193835,1023.0,0.0,0.0,0.0,0.0,0.0
2018-05-30 10:44:12.394674,1023.0,0.0,0.0,0.0,0.0,0.0
2018-05-30 10:44:12.597512,1023.0,0.0,0.0,0.0,0.0,0.0
2018-05-30 10:44:12.798351,1023.0,0.0,0.0,0.0,0.0,0.0
2018-05-30 10:44:13.000190,1023.0,0.0,0.0,0.0,0.0,0.0
2018-05-30 10:44:13.201029,1023.0,0.0,0.0,0.0,0.0,0.0
2018-05-30 10:44:13.401868,1023.0,0.0,0.0,0.0,0.0,0.0
2018-05-30 10:44:13.603706,1023.0,0.0,0.0,0.0,0.0,0.0
2018-05-30 10:44:13.805545,1023.0,0.0,0.0,0.0,0.0,0.0
2018-05-30 10:44:14.008382,1023.0,0.0,0.0,0.0,0.0,0.0
2018-05-30 10:44:14.210221,1023.0,0.0,0.0,0.0,0.0,0.0
2018-05-30 10:44:14.412059,1023.0,0.0,0.0,0.0,0.0,0.0
2018-05-30 10:44:14.613898,1023.0,0.0,0.0,0.0,0.0,0.0
2018-05-30 10:44:14.814737,1023.0,0.0,0.0,0.0,0.0,0.0
2018-05-30 10:44:15.017574,1023.0,0.0,0.0,0.0,0.0,0.0
2018-05-30 10:44:15.218414,1023.0,0.0,0.0,0.0,0.0,0.0
2018-05-30 10:44:15.419253,1023.0,0.0,0.0,0.0,0.0,0.0
2018-05-30 10:44:15.624089,1023.0,0.0,0.0,0.0,0.0,0.0
2018-05-30 10:44:15.825927,1023.0,0.0,0.0,0.0,0.0,0.0
2018-05-30 10:44:16.027766,1023.0,0.0,0.0,0.0,0.0,0.0
2018-05-30 10:44:16.228605,1023.0,0.0,0.0,0.0,0.0,0.0
2018-05-30 10:44:16.429444,1023.0,0.0,0.0,0.0,0.0,0.0
2018-05-30 10:44:16.631282,1023.0,0.0,0.0,0.0,0.0,0.0
2018-05-30 10:44:16.832122,1023.0,0.0,0.0,0.0,0.0,0.0
2018-05-30 10:44:17.033960,1023.0,0.0,0.0,0.0,0.0,0.0
2018-05-30 10:44:17.235798,1023.0,0.0,0.0,0.0,0.0,0.0
2018-05-30 10:44:17.436638,1023.0,0.0,0.0,0.0,0.0,0.0
2018-05-30 10:44:17.638476,1023.0,0.0,0.0,0.0,0.0,0.0
2018-05-30 10:44:17.839315,1023.0,0.0,0.0,0.0,0.0,0.0
2018-05-30 10:44:18.041154,1023.0,0.0,0.0,0.0,0.0,0.0
2018-05-30 10:44:18.244990,1023.0,0.0,0.0,0.0,0.0,0.0
2018-05-30 10:44:18.445830,1023.0,0.0,0.0,0.0,0.0,0.0
2018-05-30 10:44:18.647668,1023.0,0.0,0.0,0.0,0.0,0.0
2018-05-30 10:44:18.848507,1023.0,0.0,0.0,0.0,0.0,0.0
2018-05-30 10:44:19.051345,1023.0,0.0,0.0,0.0,0.0,0.0
2018-05-30 10:44:19.252184,1023.0,0.0,0.0,0.0,0.0,0.0
2018-05-30 10:44:19.455022,1023.0,0.0,0.0,0.0,0.0,0.0
2018-05-30 10:44:19.657859,1023.0,0.0,0.0,0.0,0.0,0.0
2018-05-30 10:44:19.859698,1023.0,0.0,0.0,0.0,0.0,0.0
2018-05-30 10:44:20.061536,1023.0,0.0,0.0,0.0,0.0,0.0
2018-05-30 10:44:20.262375,1023.0,0.0,0.0,0.0,0.0,0.0
2018-05-30 10:44:20.463214,1023.0,0.0,0.0,0.0,0.0,0.0
2018-05-30 10:44:20.665053,1023.0,0.0,0.0,0.0,0.0,0.0
2018-05-30 10:44:20.867890,1023.0,0.0,0.0,0.0,0.0,0.0
2018-05-30 10:44:21.068730,1023.0,0.0,0.0,0.0,0.0,0.0
2018-05-30 10:44:21.269569,1023.0,0.0,0.0,0.0,0.0,0.0
2018-05-30 10:44:21.470408,1023.0,0.0,0.0,0.0,0.0,0.0
2018-05-30 10:44:21.684237,1023.0,0.0,0.0,0.0,0.0,0.0
2018-05-30 10:44:21.885076,1023.0,0.0,0.0,0.0,0.0,0.0
2018-05-30 10:44:22.087914,1023.0,0.0,0.0,0.0,0.0,0.0
2018-05-30 10:44:22.289752,1023.0,0.0,0.0,0.0,0.0,0.0
2018-05-30 10:44:22.493589,1023.0,0.0,0.0,0.0,0.0,0.0
2018-05-30 10:44:22.696426,1023.0,0.0,0.0,0.0,0.0,0.0
2018-05-30 10:44:22.897266,1023.0,0.0,0.0,0.0,0.0,0.0
2018-05-30 10:44:23.099104,1023.0,0.0,0.0,0.0,0.0,0.0
2018-05-30 10:44:23.299943,1023.0,0.0,0.0,0.0,0.0,0.0
2018-05-30 10:44:23.500782,1023.0,0.0,0.0,0.0,0.0,0.0
2018-05-30 10:44:23.702621,1023.0,0.0,0.0,0.0,0.0,0.0
2018-05-30 10:44:23.903460,1023.0,0.0,0.0,0.0,0.0,0.0
2018-05-30 10:44:24.105298,1023.0,0.0,0.0,0.0,0.0,0.0
2018-05-30 10:44:24.306138,1023.0,0.0,0.0,0.0,0.0,0.0
2018-05-30 10:44:24.506977,1023.0,0.0,0.0,0.0,0.0,0.0
2018-05-30 10:44:24.708815,1023.0,0.0,0.0,0.0,0.0,0.0
2018-05-30 10:44:24.910654,1023.0,0.0,0.0,0.0,0.0,0.0
2018-05-30 10:44:25.111493,1023.0,0.0,0.0,0.0,0.0,0.0
2018-05-30 10:44:25.314330,1023.0,0.0,0.0,0.0,0.0,0.0
2018-05-30 10:44:25.515170,1023.0,0.0,0.0,0.0,0.0,0.0
2018-05-30 10:44:25.717008,1023.0,0.0,0.0,0.0,0.0,0.0
2018-05-30 10:44:25.917847,1023.0,0.0,0.0,0.0,0.0,0.0
2018-05-30 10:44:26.119686,1023.0,0.0,0.0,0.0,0.0,0.0
2018-05-30 10:44:26.320525,1023.0,0.0,0.0,0.0,0.0,0.0
2018-05-30 10:44:26.521364,1023.0,0.0,0.0,0.0,0.0,0.0
2018-05-30 10:44:26.723202,1023.0,0.0,0.0,0.0,0.0,0.0
2018-05-30 10:44:26.925041,1023.0,0.0,0.0,0.0,0.0,0.0
2018-05-30 10:44:27.126879,1023.0,0.0,0.0,0.0,0.0,0.0
2018-05-30 10:44:27.327718,1023.0,0.0,0.0,0.0,0.0,0.0
2018-05-30 10:44:27.528558,1023.0,0.0,0.0,0.0,0.0,0.0
2018-05-30 10:44:27.731395,1023.0,0.0,0.0,0.0,0.0,0.0
2018-05-30 10:44:27.932234,1023.0,0.0,0.0,0.0,0.0,0.0
2018-05-30 10:44:28.135072,1023.0,0.0,0.0,0.0,0.0,0.0
2018-05-30 10:44:28.335911,1023.0,0.0,0.0,0.0,0.0,0.0
2018-05-30 10:44:28.536750,1023.0,0.0,0.0,0.0,0.0,0.0
2018-05-30 10:44:28.738589,1023.0,0.0,0.0,0.0,0.0,0.0
2018-05-30 10:44:28.939428,1023.0,0.0,0.0,0.0,0.0,0.0
2018-05-30 10:44:29.141266,1023.0,0.0,0.0,0.0,0.0,0.0
2018-05-30 10:44:29.342106,1023.0,0.0,0.0,0.0,0.0,0.0
2018-05-30 10:44:29.542945,1023.0,0.0,0.0,0.0,0.0,0.0
2018-05-30 10:44:29.745782,1023.0,0.0,0.0,0.0,0.0,0.0
2018-05-30 10:44:29.946622,1023.0,0.0,0.0,0.0,0.0,0.0
2018-05-30 10:44:30.147461,1023.0,0.0,0.0,0.0,0.0,0.0
2018-05-30 10:44:30.349299,1023.0,0.0,0.0,0.0,0.0,0.0
2018-05-30 10:44:30.550138,1023.0,0.0,0.0,0.0,0.0,0.0
2018-05-30 10:44:30.751977,1023.0,0.0,0.0,0.0,0.0,0.0
2018-05-30 10:44:30.953815,1023.0,0.0,0.0,0.0,0.0,0.0
2018-05-30 10:44:31.154654,1023.0,0.0,0.0,0.0,0.0,0.0
2018-05-30 10:44:31.356493,1023.0,0.0,0.0,0.0,0.0,0.0
2018-05-30 10:44:31.565326,1023.0,0.0,0.0,0.0,0.0,0.0
2018-05-30 10:44:31.768163,1023.0,0.0,0.0,0.0,0.0,0.0
2018-05-30 10:44:31.968003,1023.0,0.0,0.0,0.0,0.0,0.0
2018-05-30 10:44:32.168842,1023.0,0.0,0.0,0.0,0.0,0.0
2018-05-30 10:44:32.370681,1023.0,0.0,0.0,0.0,0.0,0.0
2018-05-30 10:44:32.572519,1023.0,0.0,0.0,0.0,0.0,0.0
2018-05-30 10:44:32.774358,1023.0,0.0,0.0,0.0,0.0,0.0
2018-05-30 10:44:32.975197,1023.0,0.0,0.0,0.0,0.0,0.0
2018-05-30 10:44:33.176036,1023.0,0.0,0.0,0.0,0.0,0.0
2018-05-30 10:44:33.377874,1023.0,0.0,0.0,0.0,0.0,0.0
2018-05-30 10:44:33.578714,1023.0,0.0,0.0,0.0,0.0,0.0
2018-05-30 10:44:33.781551,1023.0,0.0,0.0,0.0,0.0,0.0
2018-05-30 10:44:33.982390,1023.0,0.0,0.0,0.0,0.0,0.0
2018-05-30 10:44:34.183230,1023.0,0.0,0.0,0.0,0.0,0.0
2018-05-30 10:44:34.385068,1023.0,0.0,0.0,0.0,0.0,0.0
2018-05-30 10:44:34.585907,1023.0,0.0,0.0,0.0,0.0,0.0
2018-05-30 10:44:34.788745,1023.0,0.0,0.0,0.0,0.0,0.0
2018-05-30 10:44:34.990583,1023.0,0.0,0.0,0.0,0.0,0.0
2018-05-30 10:44:35.191422,1023.0,0.0,0.0,0.0,0.0,0.0
2018-05-30 10:44:35.393261,1023.0,0.0,0.0,0.0,0.0,0.0
2018-05-30 10:44:35.594100,1023.0,0.0,0.0,0.0,0.0,0.0
2018-05-30 10:44:35.795938,1023.0,0.0,0.0,0.0,0.0,0.0
2018-05-30 10:44:35.996778,1023.0,0.0,0.0,0.0,0.0,0.0
2018-05-30 10:44:36.197617,1023.0,0.0,0.0,0.0,0.0,0.0
2018-05-30 10:44:36.399455,1023.0,0.0,0.0,0.0,0.0,0.0
2018-05-30 10:44:36.600294,1023.0,0.0,0.0,0.0,0.0,0.0
2018-05-30 10:44:36.802133,1023.0,0.0,0.0,0.0,0.0,0.0
2018-05-30 10:44:37.002972,1023.0,0.0,0.0,0.0,0.0,0.0
2018-05-30 10:44:37.203811,1023.0,0.0,0.0,0.0,0.0,0.0
2018-05-30 10:44:37.406649,1023.0,0.0,0.0,0.0,0.0,0.0
2018-05-30 10:44:37.607488,1023.0,0.0,0.0,0.0,0.0,0.0
2018-05-30 10:44:37.809326,1023.0,0.0,0.0,0.0,0.0,0.0
2018-05-30 10:44:38.010166,1023.0,0.0,0.0,0.0,0.0,0.0
2018-05-30 10:44:38.211005,1023.0,0.0,0.0,0.0,0.0,0.0
2018-05-30 10:44:38.412843,1023.0,0.0,0.0,0.0,0.0,0.0
2018-05-30 10:44:38.613682,1023.0,0.0,0.0,0.0,0.0,0.0
2018-05-30 10:44:38.816520,1023.0,0.0,0.0,0.0,0.0,0.0
2018-05-30 10:44:39.017359,1023.0,0.0,0.0,0.0,0.0,0.0
2018-05-30 10:44:39.218198,1023.0,0.0,0.0,0.0,0.0,0.0
2018-05-30 10:44:39.420037,1023.0,0.0,0.0,0.0,0.0,0.0
2018-05-30 10:44:39.620876,1023.0,0.0,0.0,0.0,0.0,0.0
2018-05-30 10:44:39.822714,1023.0,0.0,0.0,0.0,0.0,0.0
2018-05-30 10:44:40.023554,1023.0,0.0,0.0,0.0,0.0,0.0
2018-05-30 10:44:40.224393,1023.0,0.0,0.0,0.0,0.0,0.0
2018-05-30 10:44:40.427230,1023.0,0.0,0.0,0.0,0.0,0.0
2018-05-30 10:44:40.629069,1023.0,0.0,0.0,0.0,0.0,0.0
2018-05-30 10:44:40.829908,1023.0,0.0,0.0,0.0,0.0,0.0
2018-05-30 10:44:41.030747,1023.0,0.0,0.0,0.0,0.0,0.0
2018-05-30 10:44:41.231586,1023.0,0.0,0.0,0.0,0.0,0.0
2018-05-30 10:44:41.433425,1023.0,0.0,0.0,0.0,0.0,0.0
2018-05-30 10:44:41.638261,1023.0,0.0,0.0,0.0,0.0,0.0
2018-05-30 10:44:41.841098,1023.0,0.0,0.0,0.0,0.0,0.0
2018-05-30 10:44:42.041938,1023.0,0.0,0.0,0.0,0.0,0.0
2018-05-30 10:44:42.242777,1023.0,0.0,0.0,0.0,0.0,0.0
2018-05-30 10:44:42.445614,1023.0,0.0,0.0,0.0,0.0,0.0
2018-05-30 10:44:42.647453,1023.0,0.0,0.0,0.0,0.0,0.0
2018-05-30 10:44:42.850290,1023.0,0.0,0.0,0.0,0.0,0.0
2018-05-30 10:44:43.051130,1023.0,0.0,0.0,0.0,0.0,0.0
2018-05-30 10:44:43.251969,1023.0,0.0,0.0,0.0,0.0,0.0
2018-05-30 10:44:43.453807,1023.0,0.0,0.0,0.0,0.0,0.0
2018-05-30 10:44:43.656645,1023.0,0.0,0.0,0.0,0.0,0.0
2018-05-30 10:44:43.858483,1023.0,0.0,0.0,0.0,0.0,0.0
2018-05-30 10:44:44.060322,1023.0,0.0,0.0,0.0,0.0,0.0
2018-05-30 10:44:44.262160,1023.0,0.0,0.0,0.0,0.0,0.0
2018-05-30 10:44:44.464998,1023.0,0.0,0.0,0.0,0.0,0.0
2018-05-30 10:44:44.665837,1023.0,0.0,0.0,0.0,0.0,0.0
2018-05-30 10:44:44.867675,1023.0,0.0,0.0,0.0,0.0,0.0
2018-05-30 10:44:45.069514,1023.0,0.0,0.0,0.0,0.0,0.0
2018-05-30 10:44:45.271352,1023.0,0.0,0.0,0.0,0.0,0.0
2018-05-30 10:44:45.472191,1023.0,0.0,0.0,0.0,0.0,0.0
2018-05-30 10:44:45.673030,1023.0,0.0,0.0,0.0,0.0,0.0
2018-05-30 10:44:45.874869,1023.0,0.0,0.0,0.0,0.0,0.0
2018-05-30 10:44:46.075708,1023.0,0.0,0.0,0.0,0.0,0.0
2018-05-30 10:44:46.276547,1023.0,0.0,0.0,0.0,0.0,0.0
2018-05-30 10:44:46.478386,1023.0,0.0,0.0,0.0,0.0,0.0
2018-05-30 10:44:46.688218,1023.0,0.0,0.0,0.0,0.0,0.0
2018-05-30 10:44:46.890056,1023.0,0.0,0.0,0.0,0.0,0.0
2018-05-30 10:44:47.091894,1023.0,0.0,0.0,0.0,0.0,0.0
2018-05-30 10:44:47.293733,1023.0,0.0,0.0,0.0,0.0,0.0
2018-05-30 10:44:47.496570,1023.0,0.0,0.0,0.0,0.0,0.0
2018-05-30 10:44:47.697410,1023.0,0.0,0.0,0.0,0.0,0.0
2018-05-30 10:44:47.903245,1023.0,0.0,0.0,0.0,0.0,0.0
2018-05-30 10:44:48.104084,1023.0,0.0,0.0,0.0,0.0,0.0
2018-05-30 10:44:48.304923,1023.0,0.0,0.0,0.0,0.0,0.0
2018-05-30 10:44:48.506762,1023.0,0.0,0.0,0.0,0.0,0.0
2018-05-30 10:44:48.708600,1023.0,0.0,0.0,0.0,0.0,0.0
2018-05-30 10:44:48.911438,1023.0,0.0,0.0,0.0,0.0,0.0
2018-05-30 10:44:49.112277,1023.0,0.0,0.0,0.0,0.0,0.0
2018-05-30 10:44:49.314115,1023.0,0.0,0.0,0.0,0.0,0.0
2018-05-30 10:44:49.516953,1023.0,0.0,0.0,0.0,0.0,0.0
2018-05-30 10:44:49.717792,1023.0,0.0,0.0,0.0,0.0,0.0
2018-05-30 10:44:49.921629,1023.0,0.0,0.0,0.0,0.0,0.0
2018-05-30 10:44:50.122468,1023.0,0.0,0.0,0.0,0.0,0.0
2018-05-30 10:44:50.323307,1023.0,0.0,0.0,0.0,0.0,0.0
2018-05-30 10:44:50.525146,1023.0,0.0,0.0,0.0,0.0,0.0
2018-05-30 10:44:50.729982,1023.0,0.0,0.0,0.0,0.0,0.0
2018-05-30 10:44:50.940813,1023.0,0.0,0.0,0.0,0.0,0.0
2018-05-30 10:44:51.142651,1023.0,0.0,0.0,0.0,0.0,0.0
2018-05-30 10:44:51.343490,1023.0,0.0,0.0,0.0,0.0,0.0
2018-05-30 10:44:51.569310,1023.0,0.0,0.0,0.0,0.0,0.0
2018-05-30 10:44:51.770149,1023.0,0.0,0.0,0.0,0.0,0.0
2018-05-30 10:44:51.971987,1023.0,0.0,0.0,0.0,0.0,0.0
2018-05-30 10:44:52.172826,1023.0,0.0,0.0,0.0,0.0,0.0
2018-05-30 10:44:52.373666,1023.0,0.0,0.0,0.0,0.0,0.0
2018-05-30 10:44:52.575504,1023.0,0.0,0.0,0.0,0.0,0.0
2018-05-30 10:44:52.776343,1023.0,0.0,0.0,0.0,0.0,0.0
2018-05-30 10:44:52.978182,1023.0,0.0,0.0,0.0,0.0,0.0
2018-05-30 10:44:53.180020,1023.0,0.0,0.0,0.0,0.0,0.0
2018-05-30 10:44:53.380859,1023.0,0.0,0.0,0.0,0.0,0.0
2018-05-30 10:44:53.582698,1023.0,0.0,0.0,0.0,0.0,0.0
2018-05-30 10:44:53.784536,1023.0,0.0,0.0,0.0,0.0,0.0
2018-05-30 10:44:53.986374,1023.0,0.0,0.0,0.0,0.0,0.0
2018-05-30 10:44:54.187214,1023.0,0.0,0.0,0.0,0.0,0.0
2018-05-30 10:44:54.388053,1023.0,0.0,0.0,0.0,0.0,0.0
2018-05-30 10:44:54.590890,1023.0,0.0,0.0,0.0,0.0,0.0
2018-05-30 10:44:54.791730,1023.0,0.0,0.0,0.0,0.0,0.0
2018-05-30 10:44:54.994567,1023.0,0.0,0.0,0.0,0.0,0.0
2018-05-30 10:44:55.195406,1023.0,0.0,0.0,0.0,0.0,0.0
2018-05-30 10:44:55.397245,1023.0,0.0,0.0,0.0,0.0,0.0
2018-05-30 10:44:55.601082,1023.0,0.0,0.0,0.0,0.0,0.0
2018-05-30 10:44:55.801921,1023.0,0.0,0.0,0.0,0.0,0.0
2018-05-30 10:44:56.004758,1023.0,0.0,0.0,0.0,0.0,0.0
2018-05-30 10:44:56.205598,1023.0,0.0,0.0,0.0,0.0,0.0
2018-05-30 10:44:56.407436,1023.0,0.0,0.0,0.0,0.0,0.0
2018-05-30 10:44:56.610274,1023.0,0.0,0.0,0.0,0.0,0.0
2018-05-30 10:44:56.811113,1023.0,0.0,0.0,0.0,0.0,0.0
2018-05-30 10:44:57.013950,1023.0,0.0,0.0,0.0,0.0,0.0
2018-05-30 10:44:57.213790,1023.0,0.0,0.0,0.0,0.0,0.0
2018-05-30 10:44:57.414630,1023.0,0.0,0.0,0.0,0.0,0.0
2018-05-30 10:44:57.616468,1023.0,0.0,0.0,0.0,0.0,0.0
2018-05-30 10:44:57.817307,1023.0,0.0,0.0,0.0,0.0,0.0
2018-05-30 10:44:58.021144,1023.0,0.0,0.0,0.0,0.0,0.0
2018-05-30 10:44:58.222982,1023.0,0.0,0.0,0.0,0.0,0.0
2018-05-30 10:44:58.422822,1023.0,0.0,0.0,0.0,0.0,0.0
2018-05-30 10:44:58.624661,1023.0,0.0,0.0,0.0,0.0,0.0
2018-05-30 10:44:58.825500,1023.0,0.0,0.0,0.0,0.0,0.0
2018-05-30 10:44:59.026339,1023.0,0.0,0.0,0.0,0.0,0.0
2018-05-30 10:44:59.229177,1023.0,0.0,0.0,0.0,0.0,0.0
2018-05-30 10:44:59.430016,1023.0,0.0,0.0,0.0,0.0,0.0
2018-05-30 10:44:59.631854,1023.0,0.0,0.0,0.0,0.0,0.0
2018-05-30 10:44:59.832694,1023.0,0.0,0.0,0.0,0.0,0.0
2018-05-30 10:45:00.035531,1023.0,0.0,0.0,0.0,0.0,0.0
2018-05-30 10:45:00.242366,1023.0,0.0,0.0,0.0,0.0,0.0
2018-05-30 10:45:00.442206,1023.0,0.0,0.0,0.0,0.0,0.0
2018-05-30 10:45:00.644044,1023.0,0.0,0.0,0.0,0.0,0.0
2018-05-30 10:45:00.844883,1023.0,0.0,0.0,0.0,0.0,0.0
2018-05-30 10:45:01.045722,1023.0,0.0,0.0,0.0,0.0,0.0
2018-05-30 10:45:01.247561,1023.0,0.0,0.0,0.0,0.0,0.0
2018-05-30 10:45:01.470382,1023.0,0.0,0.0,0.0,0.0,0.0
2018-05-30 10:45:01.699199,1023.0,0.0,0.0,0.0,0.0,0.0
2018-05-30 10:45:01.900038,1023.0,0.0,0.0,0.0,0.0,0.0
2018-05-30 10:45:02.103875,1023.0,0.0,0.0,0.0,0.0,0.0
2018-05-30 10:45:02.304714,1023.0,0.0,0.0,0.0,0.0,0.0
2018-05-30 10:45:02.509550,1023.0,0.0,0.0,0.0,0.0,0.0
2018-05-30 10:45:02.711389,1023.0,0.0,0.0,0.0,0.0,0.0
2018-05-30 10:45:02.912228,1023.0,0.0,0.0,0.0,0.0,0.0
2018-05-30 10:45:03.115066,1023.0,0.0,0.0,0.0,0.0,0.0
2018-05-30 10:45:03.320901,1023.0,0.0,0.0,0.0,0.0,0.0
2018-05-30 10:45:03.521740,1023.0,0.0,0.0,0.0,0.0,0.0
2018-05-30 10:45:03.722579,1023.0,0.0,0.0,0.0,0.0,0.0
2018-05-30 10:45:03.923418,1023.0,0.0,0.0,0.0,0.0,0.0
2018-05-30 10:45:04.125257,1023.0,0.0,0.0,0.0,0.0,0.0
2018-05-30 10:45:04.326096,1023.0,0.0,0.0,0.0,0.0,0.0
2018-05-30 10:45:04.526935,1023.0,0.0,0.0,0.0,0.0,0.0
2018-05-30 10:45:04.752754,1023.0,0.0,0.0,0.0,0.0,0.0
2018-05-30 10:45:05.099477,1023.0,0.0,0.0,0.0,0.0,0.0
2018-05-30 10:45:05.316303,1023.0,0.0,0.0,0.0,0.0,0.0
2018-05-30 10:45:05.517142,1023.0,0.0,0.0,0.0,0.0,0.0
2018-05-30 10:45:05.718981,1023.0,0.0,0.0,0.0,0.0,0.0
2018-05-30 10:45:05.919820,1023.0,0.0,0.0,0.0,0.0,0.0
2018-05-30 10:45:06.120659,1023.0,0.0,0.0,0.0,0.0,0.0
2018-05-30 10:45:06.322498,1023.0,0.0,0.0,0.0,0.0,0.0
2018-05-30 10:45:06.523337,1023.0,0.0,0.0,0.0,0.0,0.0
2018-05-30 10:45:06.727174,1023.0,0.0,0.0,0.0,0.0,0.0
2018-05-30 10:45:06.928013,1023.0,0.0,0.0,0.0,0.0,0.0
2018-05-30 10:45:07.128852,1023.0,0.0,0.0,0.0,0.0,0.0
2018-05-30 10:45:07.332689,1023.0,0.0,0.0,0.0,0.0,0.0
2018-05-30 10:45:07.532529,1023.0,0.0,0.0,0.0,0.0,0.0
2018-05-30 10:45:07.734367,1023.0,0.0,0.0,0.0,0.0,0.0
2018-05-30 10:45:07.935206,1023.0,0.0,0.0,0.0,0.0,0.0
2018-05-30 10:45:08.137045,1023.0,0.0,0.0,0.0,0.0,0.0
2018-05-30 10:45:08.338883,1023.0,0.0,0.0,0.0,0.0,0.0
2018-05-30 10:45:08.539722,1023.0,0.0,0.0,0.0,0.0,0.0
2018-05-30 10:45:08.742560,1023.0,0.0,0.0,0.0,0.0,0.0
2018-05-30 10:45:08.969378,1023.0,0.0,0.0,0.0,0.0,0.0
2018-05-30 10:45:09.171217,1023.0,0.0,0.0,0.0,0.0,0.0
2018-05-30 10:45:09.372056,1023.0,0.0,0.0,0.0,0.0,0.0
2018-05-30 10:45:09.573894,1023.0,0.0,0.0,0.0,0.0,0.0
2018-05-30 10:45:09.787723,1023.0,0.0,0.0,0.0,0.0,0.0
2018-05-30 10:45:09.992559,1023.0,0.0,0.0,0.0,0.0,0.0
2018-05-30 10:45:10.211384,1023.0,0.0,0.0,0.0,0.0,0.0
2018-05-30 10:45:10.419218,1023.0,0.0,0.0,0.0,0.0,0.0
2018-05-30 10:45:10.632047,1023.0,0.0,0.0,0.0,0.0,0.0
2018-05-30 10:45:10.834885,1023.0,0.0,0.0,0.0,0.0,0.0
2018-05-30 10:45:11.037722,1023.0,0.0,0.0,0.0,0.0,0.0
2018-05-30 10:45:11.250552,1023.0,0.0,0.0,0.0,0.0,0.0
2018-05-30 10:45:11.458386,1023.0,0.0,0.0,0.0,0.0,0.0
2018-05-30 10:45:11.667218,1023.0,0.0,0.0,0.0,0.0,0.0
2018-05-30 10:45:11.869057,1023.0,0.0,0.0,0.0,0.0,0.0
2018-05-30 10:45:12.069896,1023.0,0.0,0.0,0.0,0.0,0.0
2018-05-30 10:45:12.272734,1023.0,0.0,0.0,0.0,0.0,0.0
2018-05-30 10:45:12.474572,1023.0,0.0,0.0,0.0,0.0,0.0
2018-05-30 10:45:12.692398,1023.0,0.0,0.0,0.0,0.0,0.0
2018-05-30 10:45:12.895235,1023.0,0.0,0.0,0.0,0.0,0.0
2018-05-30 10:45:13.097074,1023.0,0.0,0.0,0.0,0.0,0.0
2018-05-30 10:45:13.297913,1023.0,0.0,0.0,0.0,0.0,0.0
2018-05-30 10:45:13.498752,1023.0,0.0,0.0,0.0,0.0,0.0
2018-05-30 10:45:13.701590,1023.0,0.0,0.0,0.0,0.0,0.0
2018-05-30 10:45:13.903428,1023.0,0.0,0.0,0.0,0.0,0.0
2018-05-30 10:45:14.104267,1023.0,0.0,0.0,0.0,0.0,0.0
2018-05-30 10:45:14.318096,1023.0,0.0,0.0,0.0,0.0,0.0
2018-05-30 10:45:14.526929,1023.0,0.0,0.0,0.0,0.0,0.0
2018-05-30 10:45:14.730766,1023.0,0.0,0.0,0.0,0.0,0.0
2018-05-30 10:45:14.931605,1023.0,0.0,0.0,0.0,0.0,0.0
2018-05-30 10:45:15.132444,1023.0,0.0,0.0,0.0,0.0,0.0
2018-05-30 10:45:15.334282,1023.0,0.0,0.0,0.0,0.0,0.0
2018-05-30 10:45:15.536121,1023.0,0.0,0.0,0.0,0.0,0.0
2018-05-30 10:45:15.736960,1023.0,0.0,0.0,0.0,0.0,0.0
2018-05-30 10:45:15.938798,1023.0,0.0,0.0,0.0,0.0,0.0
2018-05-30 10:45:16.139638,1023.0,0.0,0.0,0.0,0.0,0.0
2018-05-30 10:45:16.341476,1023.0,0.0,0.0,0.0,0.0,0.0
2018-05-30 10:45:16.542315,1023.0,0.0,0.0,0.0,0.0,0.0
2018-05-30 10:45:16.743154,1023.0,0.0,0.0,0.0,0.0,0.0
2018-05-30 10:45:16.944993,1023.0,0.0,0.0,0.0,0.0,0.0
2018-05-30 10:45:17.146831,1023.0,0.0,0.0,0.0,0.0,0.0
2018-05-30 10:45:17.349669,1023.0,0.0,0.0,0.0,0.0,0.0
2018-05-30 10:45:17.550508,1023.0,0.0,0.0,0.0,0.0,0.0
2018-05-30 10:45:17.752346,1023.0,0.0,0.0,0.0,0.0,0.0
2018-05-30 10:45:17.996151,1023.0,0.0,0.0,0.0,0.0,0.0
2018-05-30 10:45:18.197990,1023.0,0.0,0.0,0.0,0.0,0.0
2018-05-30 10:45:18.399828,1023.0,0.0,0.0,0.0,0.0,0.0
2018-05-30 10:45:18.600667,1023.0,0.0,0.0,0.0,0.0,0.0
2018-05-30 10:45:18.802506,1023.0,0.0,0.0,0.0,0.0,0.0
2018-05-30 10:45:19.003345,1023.0,0.0,0.0,0.0,0.0,0.0
2018-05-30 10:45:19.204184,1023.0,0.0,0.0,0.0,0.0,0.0
2018-05-30 10:45:19.406022,1023.0,0.0,0.0,0.0,0.0,0.0
2018-05-30 10:45:19.606862,1023.0,0.0,0.0,0.0,0.0,0.0
2018-05-30 10:45:19.807701,1023.0,0.0,0.0,0.0,0.0,0.0
2018-05-30 10:45:20.013536,1023.0,0.0,0.0,0.0,0.0,0.0
2018-05-30 10:45:20.229363,1023.0,0.0,0.0,0.0,0.0,0.0
2018-05-30 10:45:20.432201,1023.0,0.0,0.0,0.0,0.0,0.0
2018-05-30 10:45:20.634039,1023.0,0.0,0.0,0.0,0.0,0.0
2018-05-30 10:45:20.836877,1023.0,0.0,0.0,0.0,0.0,0.0
2018-05-30 10:45:21.052704,1023.0,0.0,0.0,0.0,0.0,0.0
2018-05-30 10:45:21.257540,1023.0,0.0,0.0,0.0,0.0,0.0
2018-05-30 10:45:21.459378,1023.0,0.0,0.0,0.0,0.0,0.0
2018-05-30 10:45:21.667212,1023.0,0.0,0.0,0.0,0.0,0.0
2018-05-30 10:45:21.871049,1023.0,0.0,0.0,0.0,0.0,0.0
2018-05-30 10:45:22.071888,1023.0,0.0,0.0,0.0,0.0,0.0
2018-05-30 10:45:22.275725,1023.0,0.0,0.0,0.0,0.0,0.0
2018-05-30 10:45:22.477563,1023.0,0.0,0.0,0.0,0.0,0.0
2018-05-30 10:45:22.678402,1023.0,0.0,0.0,0.0,0.0,0.0
2018-05-30 10:45:22.881240,1023.0,0.0,0.0,0.0,0.0,0.0
2018-05-30 10:45:23.082079,1023.0,0.0,0.0,0.0,0.0,0.0
2018-05-30 10:45:23.292910,1023.0,0.0,0.0,0.0,0.0,0.0
2018-05-30 10:45:23.497746,1023.0,0.0,0.0,0.0,0.0,0.0
2018-05-30 10:45:23.698586,1023.0,0.0,0.0,0.0,0.0,0.0
2018-05-30 10:45:23.901423,1023.0,0.0,0.0,0.0,0.0,0.0
2018-05-30 10:45:24.103262,1023.0,0.0,0.0,0.0,0.0,0.0
2018-05-30 10:45:24.304101,1023.0,0.0,0.0,0.0,0.0,0.0
2018-05-30 10:45:24.506938,1023.0,0.0,0.0,0.0,0.0,0.0
2018-05-30 10:45:24.707778,1023.0,0.0,0.0,0.0,0.0,0.0
2018-05-30 10:45:24.909616,1023.0,0.0,0.0,0.0,0.0,0.0
2018-05-30 10:45:25.110455,1023.0,0.0,0.0,0.0,0.0,0.0
2018-05-30 10:45:25.311294,1023.0,0.0,0.0,0.0,0.0,0.0
2018-05-30 10:45:25.514132,1023.0,0.0,0.0,0.0,0.0,0.0
2018-05-30 10:45:25.714971,1023.0,0.0,0.0,0.0,0.0,0.0
2018-05-30 10:45:25.916810,1023.0,0.0,0.0,0.0,0.0,0.0
2018-05-30 10:45:26.119647,1023.0,0.0,0.0,0.0,0.0,0.0
2018-05-30 10:45:26.332477,1023.0,0.0,0.0,0.0,0.0,0.0
2018-05-30 10:45:26.535314,1023.0,0.0,0.0,0.0,0.0,0.0
2018-05-30 10:45:26.736154,1023.0,0.0,0.0,0.0,0.0,0.0
2018-05-30 10:45:26.938991,1023.0,0.0,0.0,0.0,0.0,0.0
2018-05-30 10:45:27.139830,1023.0,0.0,0.0,0.0,0.0,0.0
2018-05-30 10:45:27.340670,1023.0,0.0,0.0,0.0,0.0,0.0
2018-05-30 10:45:27.542508,1023.0,0.0,0.0,0.0,0.0,0.0
2018-05-30 10:45:27.743347,1023.0,0.0,0.0,0.0,0.0,0.0
2018-05-30 10:45:27.946185,1023.0,0.0,0.0,0.0,0.0,0.0
2018-05-30 10:45:28.148023,1023.0,0.0,0.0,0.0,0.0,0.0
2018-05-30 10:45:28.348862,1023.0,0.0,0.0,0.0,0.0,0.0
2018-05-30 10:45:28.551700,1023.0,0.0,0.0,0.0,0.0,0.0
2018-05-30 10:45:28.752539,1023.0,0.0,0.0,0.0,0.0,0.0
2018-05-30 10:45:28.954378,1023.0,0.0,0.0,0.0,0.0,0.0
2018-05-30 10:45:29.157215,1023.0,0.0,0.0,0.0,0.0,0.0
2018-05-30 10:45:29.358054,1023.0,0.0,0.0,0.0,0.0,0.0
2018-05-30 10:45:29.560892,1023.0,0.0,0.0,0.0,0.0,0.0
2018-05-30 10:45:29.761731,1023.0,0.0,0.0,0.0,0.0,0.0
2018-05-30 10:45:29.963570,1023.0,0.0,0.0,0.0,0.0,0.0
2018-05-30 10:45:30.164409,1023.0,0.0,0.0,0.0,0.0,0.0
2018-05-30 10:45:30.365248,1023.0,0.0,0.0,0.0,0.0,0.0
2018-05-30 10:45:30.568086,1023.0,0.0,0.0,0.0,0.0,0.0
2018-05-30 10:45:30.769924,1023.0,0.0,0.0,0.0,0.0,0.0
2018-05-30 10:45:30.971762,1023.0,0.0,0.0,0.0,0.0,0.0
2018-05-30 10:45:31.172602,1023.0,0.0,0.0,0.0,0.0,0.0
2018-05-30 10:45:31.380435,1023.0,0.0,0.0,0.0,0.0,0.0
2018-05-30 10:45:31.603257,1023.0,0.0,0.0,0.0,0.0,0.0
2018-05-30 10:45:31.813089,1023.0,0.0,0.0,0.0,0.0,0.0
2018-05-30 10:45:32.016926,1023.0,0.0,0.0,0.0,0.0,0.0
2018-05-30 10:45:32.218764,1023.0,0.0,0.0,0.0,0.0,0.0
2018-05-30 10:45:32.419603,1023.0,0.0,0.0,0.0,0.0,0.0
2018-05-30 10:45:32.622441,1023.0,0.0,0.0,0.0,0.0,0.0
2018-05-30 10:45:32.825278,1023.0,0.0,0.0,0.0,0.0,0.0
2018-05-30 10:45:33.028116,1023.0,0.0,0.0,0.0,0.0,0.0
2018-05-30 10:45:33.228955,1023.0,0.0,0.0,0.0,0.0,0.0
2018-05-30 10:45:33.429794,1023.0,0.0,0.0,0.0,0.0,0.0
2018-05-30 10:45:33.631633,1023.0,0.0,0.0,0.0,0.0,0.0
2018-05-30 10:45:33.832472,1023.0,0.0,0.0,0.0,0.0,0.0
2018-05-30 10:45:34.035310,1023.0,0.0,0.0,0.0,0.0,0.0
2018-05-30 10:45:34.236149,1023.0,0.0,0.0,0.0,0.0,0.0
2018-05-30 10:45:34.436988,1023.0,0.0,0.0,0.0,0.0,0.0
2018-05-30 10:45:34.638826,1023.0,0.0,0.0,0.0,0.0,0.0
2018-05-30 10:45:34.839666,1023.0,0.0,0.0,0.0,0.0,0.0
2018-05-30 10:45:35.041504,1023.0,0.0,0.0,0.0,0.0,0.0
2018-05-30 10:45:35.242343,1023.0,0.0,0.0,0.0,0.0,0.0
2018-05-30 10:45:35.443182,1023.0,0.0,0.0,0.0,0.0,0.0
2018-05-30 10:45:35.646020,1023.0,0.0,0.0,0.0,0.0,0.0
2018-05-30 10:45:35.846859,1023.0,0.0,0.0,0.0,0.0,0.0
2018-05-30 10:45:36.049697,1023.0,0.0,0.0,0.0,0.0,0.0
2018-05-30 10:45:36.250536,1023.0,0.0,0.0,0.0,0.0,0.0
2018-05-30 10:45:36.451375,1023.0,0.0,0.0,0.0,0.0,0.0
2018-05-30 10:45:36.653214,1023.0,0.0,0.0,0.0,0.0,0.0
2018-05-30 10:45:36.855052,1023.0,0.0,0.0,0.0,0.0,0.0
2018-05-30 10:45:37.056890,1023.0,0.0,0.0,0.0,0.0,0.0
2018-05-30 10:45:37.257730,1023.0,0.0,0.0,0.0,0.0,0.0
2018-05-30 10:45:37.458569,1023.0,0.0,0.0,0.0,0.0,0.0
2018-05-30 10:45:37.660407,1023.0,0.0,0.0,0.0,0.0,0.0
2018-05-30 10:45:37.861246,1023.0,0.0,0.0,0.0,0.0,0.0
2018-05-30 10:45:38.064084,1023.0,0.0,0.0,0.0,0.0,0.0
2018-05-30 10:45:38.264923,1023.0,0.0,0.0,0.0,0.0,0.0
2018-05-30 10:45:38.467761,1023.0,0.0,0.0,0.0,0.0,0.0
2018-05-30 10:45:38.668600,1023.0,0.0,0.0,0.0,0.0,0.0
2018-05-30 10:45:38.869439,1023.0,0.0,0.0,0.0,0.0,0.0
2018-05-30 10:45:39.071278,1023.0,0.0,0.0,0.0,0.0,0.0
2018-05-30 10:45:39.273116,1023.0,0.0,0.0,0.0,0.0,0.0
2018-05-30 10:45:39.473955,1023.0,0.0,0.0,0.0,0.0,0.0
2018-05-30 10:45:39.675794,1023.0,0.0,0.0,0.0,0.0,0.0
2018-05-30 10:45:39.877632,1023.0,0.0,0.0,0.0,0.0,0.0
2018-05-30 10:45:40.080470,1023.0,0.0,0.0,0.0,0.0,0.0
2018-05-30 10:45:40.281309,1023.0,0.0,0.0,0.0,0.0,0.0
2018-05-30 10:45:40.483147,1023.0,0.0,0.0,0.0,0.0,0.0
2018-05-30 10:45:40.683986,1023.0,0.0,0.0,0.0,0.0,0.0
2018-05-30 10:45:40.884826,1023.0,0.0,0.0,0.0,0.0,0.0
2018-05-30 10:45:41.104650,1023.0,0.0,0.0,0.0,0.0,0.0
2018-05-30 10:45:41.305489,1023.0,0.0,0.0,0.0,0.0,0.0
2018-05-30 10:45:41.507327,1023.0,0.0,0.0,0.0,0.0,0.0
2018-05-30 10:45:41.728150,1023.0,0.0,0.0,0.0,0.0,0.0
2018-05-30 10:45:41.928990,1023.0,0.0,0.0,0.0,0.0,0.0
2018-05-30 10:45:42.130828,1023.0,0.0,0.0,0.0,0.0,0.0
2018-05-30 10:45:42.331667,1023.0,0.0,0.0,0.0,0.0,0.0
2018-05-30 10:45:42.532506,1023.0,0.0,0.0,0.0,0.0,0.0
2018-05-30 10:45:42.734345,1023.0,0.0,0.0,0.0,0.0,0.0
2018-05-30 10:45:42.935184,1023.0,0.0,0.0,0.0,0.0,0.0
2018-05-30 10:45:43.138022,1023.0,0.0,0.0,0.0,0.0,0.0
2018-05-30 10:45:43.338861,1023.0,0.0,0.0,0.0,0.0,0.0
2018-05-30 10:45:43.540699,1023.0,0.0,0.0,0.0,0.0,0.0
2018-05-30 10:45:43.742538,1023.0,0.0,0.0,0.0,0.0,0.0
2018-05-30 10:45:43.943377,1023.0,0.0,0.0,0.0,0.0,0.0
2018-05-30 10:45:44.145215,1023.0,0.0,0.0,0.0,0.0,0.0
2018-05-30 10:45:44.346054,1023.0,0.0,0.0,0.0,0.0,0.0
2018-05-30 10:45:44.546894,1023.0,0.0,0.0,0.0,0.0,0.0
2018-05-30 10:45:44.748732,1023.0,0.0,0.0,0.0,0.0,0.0
2018-05-30 10:45:44.949571,1023.0,0.0,0.0,0.0,0.0,0.0
2018-05-30 10:45:45.151410,1023.0,0.0,0.0,0.0,0.0,0.0
2018-05-30 10:45:45.354247,1023.0,0.0,0.0,0.0,0.0,0.0
2018-05-30 10:45:45.554087,1023.0,0.0,0.0,0.0,0.0,0.0
2018-05-30 10:45:45.758923,1023.0,0.0,0.0,0.0,0.0,0.0
2018-05-30 10:45:45.961761,1023.0,0.0,0.0,0.0,0.0,0.0
2018-05-30 10:45:46.170594,1023.0,0.0,0.0,0.0,0.0,0.0
2018-05-30 10:45:46.381425,1023.0,0.0,0.0,0.0,0.0,0.0
2018-05-30 10:45:46.586261,1023.0,0.0,0.0,0.0,0.0,0.0
2018-05-30 10:45:46.791097,1023.0,0.0,0.0,0.0,0.0,0.0
2018-05-30 10:45:46.991936,1023.0,0.0,0.0,0.0,0.0,0.0
2018-05-30 10:45:47.193774,1023.0,0.0,0.0,0.0,0.0,0.0
2018-05-30 10:45:47.394614,1023.0,0.0,0.0,0.0,0.0,0.0
2018-05-30 10:45:47.596452,1023.0,0.0,0.0,0.0,0.0,0.0
2018-05-30 10:45:47.799290,1023.0,0.0,0.0,0.0,0.0,0.0
2018-05-30 10:45:48.001128,1023.0,0.0,0.0,0.0,0.0,0.0
2018-05-30 10:45:48.203966,1023.0,0.0,0.0,0.0,0.0,0.0
2018-05-30 10:45:48.404805,1023.0,0.0,0.0,0.0,0.0,0.0
2018-05-30 10:45:48.605644,1023.0,0.0,0.0,0.0,0.0,0.0
2018-05-30 10:45:48.807482,1023.0,0.0,0.0,0.0,0.0,0.0
2018-05-30 10:45:49.017314,1023.0,0.0,0.0,0.0,0.0,0.0
2018-05-30 10:45:49.222150,1023.0,0.0,0.0,0.0,0.0,0.0
2018-05-30 10:45:49.423989,1023.0,0.0,0.0,0.0,0.0,0.0
2018-05-30 10:45:49.625827,1023.0,0.0,0.0,0.0,0.0,0.0
2018-05-30 10:45:49.829664,1023.0,0.0,0.0,0.0,0.0,0.0
2018-05-30 10:45:50.048489,1023.0,0.0,0.0,0.0,0.0,0.0
2018-05-30 10:45:50.252326,1023.0,0.0,0.0,0.0,0.0,0.0
2018-05-30 10:45:50.456162,1023.0,0.0,0.0,0.0,0.0,0.0
2018-05-30 10:45:50.659999,1023.0,0.0,0.0,0.0,0.0,0.0
2018-05-30 10:45:50.864835,1023.0,0.0,0.0,0.0,0.0,0.0
2018-05-30 10:45:51.067673,1023.0,0.0,0.0,0.0,0.0,0.0
2018-05-30 10:45:51.271510,1023.0,0.0,0.0,0.0,0.0,0.0
2018-05-30 10:45:51.472349,1023.0,0.0,0.0,0.0,0.0,0.0
2018-05-30 10:45:51.680182,1023.0,0.0,0.0,0.0,0.0,0.0
2018-05-30 10:45:51.884019,1023.0,0.0,0.0,0.0,0.0,0.0
